t,dim_1
1,3.031088913245535
2,3.196637040186865
3,3.357764351456709
4,3.514363630103076
5,3.666334040353151
6,3.813581244221691
7,3.9560175089057386
8,4.093561804819745
9,4.226139894138432
10,4.3536844097282374
11,4.476134924361844
12,4.593438010124036
13,4.705547287931119
14,4.812423467100137
15,4.914034374918237
16,5.010354976176749
17,5.101367382648775
18,5.187060852503349
19,5.267431779663509
20,5.342483673129902
21,5.412227126305746
22,5.476679776373185
23,5.535866253785164
24,5.589818121950961
25,5.63857380720744
26,5.6821785191818295
27,5.720684161665474
28,5.754149234131436
29,5.782638724042079
30,5.8062239901058526
31,5.824982636655244
32,5.838998379330522
33,5.84836090226611
34,5.85316570698857
35,5.8535139532468
36,5.849512292006535
37,5.841272690852287
38,5.828912252050616
39,5.81255302353901
40,5.7923218031145876
41,5.768349936106544
42,5.740773106825369
43,5.709731124090706
44,5.675367701148044
45,5.637830230292377
46,5.5972695525244
47,5.553839722571787
48,5.507697769614685
49,5.459003454060511
50,5.40791902071875
51,5.354608948731444
52,5.2992396986196635
53,5.241979456810222
54,5.182997878010418
55,5.122465825801596
56,5.060555111824749
57,4.997438233933302
58,4.933288113689636
59,4.868277833582729
60,4.802580374344641
61,4.736368352743328
62,4.669813760228482
63,4.603087702805903
64,4.536360142513906
65,4.469799640873117
66,4.403573104677888
67,4.337845534494365
68,4.272779776226156
69,4.208536276104156
70,4.145272839452141
71,4.083144393574251
72,4.022302755104569
73,3.9628964021525093
74,3.905070251570939
75,3.8489654416664227
76,3.79471912066328
77,3.7424642412248277
78,3.6923293613264456
79,3.6444384517660526
80,3.5989107105879583
81,3.555860384686235
82,3.515396598843338
83,3.477623192449169
84,3.442638564134633
85,3.4105355245424844
86,3.3814011574465526
87,3.3553166894184696
88,3.332357368228806
89,3.3125923501569563
90,3.2960845963714163
91,3.282890778529024
92,3.2730611937286067
93,3.2666396889410425
94,3.2636635950241653
95,3.264163670417229
96,3.2681640545958155
97,3.27568223135403
98,3.2867290019668247
99,3.3013084682711016
100,3.319418025690063
101,3.3410483662110435
102,3.3661834913127957
103,3.394800734823974
104,3.4268707956803253
105,3.4623577805339236
106,3.501219256153719
107,3.5434063115425714
108,3.5888636296821095
109,3.6375295688029277
110,3.6893362530639777
111,3.7442096725115737
112,3.8020697921751188
113,3.8628306701435458
114,3.926400584453667
115,3.99268216860892
116,4.061572555534683
117,4.132963529764219
118,4.20674168763753
119,4.282788605283857
120,4.360981014147473
121,4.441190983805551
122,4.523286111816404
123,4.607129720326355
124,4.692581059153772
125,4.779495515059438
126,4.867724826903656
127,4.9571173063818925
128,5.047518064022827
129,5.1387692401250815
130,5.230710240301738
131,5.323177975295164
132,5.41600710471852
133,5.509030284374523
134,5.602078416797027
135,5.694980904656202
136,5.7875659066639225
137,5.879660595612441
138,5.9710914181761225
139,6.061684356103617
140,6.151265188425615
141,6.239659754301883
142,6.326694216130286
143,6.412195322540012
144,6.495990670891239
145,6.577908968904279
146,6.6577802950421665
147,6.73543635727249
148,6.8107107498364385
149,6.883439207655827
150,6.953459858012002
151,7.0206134691345845
152,7.084743695342001
153,7.145697318380882
154,7.203324484616488
155,7.257478937732302
156,7.308018246603173
157,7.354804028013179
158,7.397702163896642
159,7.436583012788448
160,7.471321615178002
161,7.501797892469649
162,7.527896839261581
163,7.549508708664494
164,7.566529190391222
165,7.578859581358744
166,7.586406948554478
167,7.589084283929848
168,7.5868106510952105
169,7.579511323601977
170,7.567117914609561
171,7.549568497747034
172,7.526807718991773
173,7.498786899400162
174,7.465464128538326
175,7.426804348474006
176,7.382779428204171
177,7.333368228406344
178,7.278556656415455
179,7.218337711341854
180,7.152711519260013
181,7.081685358411644
182,7.0052736743809945
183,6.923498085214346
184,6.836387376470045
185,6.743977486199547
186,6.646311479874388
187,6.543439515288111
188,6.435418797476485
189,6.322313523713497
190,6.204194818654631
191,6.081140659713007
192,5.9532357927677
193,5.820571638317387
194,5.683246188205991
195,5.541363893060309
196,5.3950355405929065
197,5.244378124936469
198,5.089514707188462
199,4.930574267357623
200,4.767691547915833
201,4.601006889170884
202,4.430666056687391
203,4.2568200609942135
204,4.0796249698278455
205,3.899241713171787
206,3.715835881362182
207,3.5295775165397836
208,3.3406408977378543
209,3.1492043199046886
210,2.9554498671678706
211,2.759563180655862
212,2.5617332212000568
213,2.3621520272477117
214,2.1610144683232013
215,1.9585179943811204
216,1.7548623814008149
217,1.5502494735771224
218,1.3448829224671224
219,1.138967923456955
220,0.9327109499165243
221,0.7263194854134281
222,0.5200017543600294
223,0.31396645146995605
224,0.10842247040198044
225,-0.0964213680295116
226,-0.300356587697632
227,-0.5031753286798799
228,-0.7046706180691239
229,-0.904636639700236
230,-1.1028690024153993
231,-1.2991650064929279
232,-1.4933239078672893
233,-1.685147179770965
234,-1.8744387714323607
235,-2.0610053634682224
236,-2.2446566196136395
237,-2.425205434437795
238,-2.602468176699309
239,-2.7762649280012823
240,-2.946419716412553
241,-3.112760744728922
242,-3.275120613055712
243,-3.4333365354008403
244,-3.5872505499761855
245,-3.7367097229139534
246,-3.8815663451138067
247,-4.021678121946529
248,-4.156908355549794
249,-4.287126119462302
250,-4.41220642535318
251,-4.532030381614817
252,-4.64648534359882
253,-4.755465055286407
254,-4.858869782196874
255,-4.956606435350025
256,-5.048588686111058
257,-5.134737071759387
258,-5.214979091635952
259,-5.289249293736749
260,-5.357489351634033
261,-5.419648131620142
262,-5.475681749982721
263,-5.5255536203341435
264,-5.569234490931936
265,-5.606702471941073
266,-5.637943052603372
267,-5.66294910829331
268,-5.681720897454009
269,-5.694266048421316
270,-5.700599536158239
271,-5.700743648936269
272,-5.694727945014234
273,-5.682589199379536
274,-5.664371340630594
275,-5.640125378093259
276,-5.609909319277764
277,-5.573788077796303
278,-5.531833371874989
279,-5.484123613606998
280,-5.430743789106886
281,-5.371785329738888
282,-5.3073459746045675
283,-5.237529624487481
284,-5.162446187464665
285,-5.082211416406363
286,-4.996946738596907
287,-4.906779077720793
288,-4.811840668468674
289,-4.712268864028363
290,-4.608205936736061
291,-4.4997988721725335
292,-4.387199156998166
293,-4.270562560829717
294,-4.150048912469895
295,-4.025821870808727
296,-3.898048690723323
297,-3.7668999843095072
298,-3.6325494777853695
299,-3.495173764412775
300,-3.3549520537885815
301,-3.212065917862163
302,-3.0666990340405023
303,-2.9190369257461466
304,-2.769266700796835
305,-2.6175767879784746
306,-2.4641566721858332
307,-2.309196628507051
308,-2.1528874556294917
309,-1.9954202089454542
310,-1.836985933736449
311,-1.6777753988144766
312,-1.5179788309982372
313,-1.3577856508006652
314,-1.1973842097023844
315,-1.0369615293835133
316,-0.8767030432831471
317,-0.7167923408524948
318,-0.5574109148637973
319,-0.39873791213263576
320,-0.24094988800621597
321,-0.08422056496497321
322,0.07127940432135094
323,0.22538266914825122
324,0.3779254078137715
325,0.5287475492179534
326,0.6776929887117147
327,0.8246097978907878
328,0.9693504280388336
329,1.111771906933178
330,1.2517360287361106
331,1.3891095367044777
332,1.5237642984607285
333,1.6555774735793034
334,1.7844316732530041
335,1.9102151118156376
336,2.032821749908699
337,2.15215142909192
338,2.268109997709664
339,2.3806094278377996
340,2.489567923148332
341,2.594910017542116
342,2.696566664413195
343,2.794475316421681
344,2.8885799956656824
345,2.9788313541565126
346,3.0651867245152635
347,3.1476101608228384
348,3.226072469569583
349,3.300551230664815
350,3.3710308084807643
351,3.437502352919671
352,3.499963790507031
353,3.558419805528281
354,3.612881811240352
355,3.663367911203793
356,3.7099028507951943
357,3.752517958973769
358,3.791251080389736
359,3.826146497936077
360,3.85725484585881
361,3.8846330135544145
362,3.9083440401963525
363,3.9284570003458033
364,3.9450468807143877
365,3.9581944482595817
366,3.9679861098056817
367,3.9745137633953385
368,3.97787464158856
369,3.978171146937507
370,3.975510679876565
371,3.9700054592780885
372,3.961772335934628
373,3.9509325992385635
374,3.9376117773397814
375,3.9219394310713858
376,3.9040489419422757
377,3.8840772945039292
378,3.8621648534067985
379,3.8384551354692844
380,3.8130945770893114
381,3.7862322973353586
382,3.758019857059818
383,3.7286110143832865
384,3.6981614769036306
385,3.6668286509883323
386,3.634771388512698
387,3.6021497314103907
388,3.5691246544056727
389,3.5358578062994046
390,3.5025112501830677
391,3.46924720295642
392,3.4362277745255123
393,3.4036147070583045
394,3.3715691146749682
395,3.3402512239493714
396,3.309820115597197
397,3.2804334677243867
398,3.25224730100736
399,3.2254157261738676
400,3.2000906941499503
401,3.176421749234703
402,3.1545557856603166
403,3.1346368078900237
404,3.1168056950012595
405,3.1011999694954957
406,3.08795357087
407,3.0771966342800416
408,3.069055274612616
409,3.063651376285236
410,3.0611023890753
411,3.06152113027658
412,3.065015593470801
413,3.0716887641926403
414,3.0816384427566486
415,3.0949570745044936
416,3.111731587720394
417,3.1320432394515123
418,3.1559674694589708
419,3.183573762513688
420,3.214925519238957
421,3.250079935689935
422,3.289087891847616
423,3.331993849192023
424,3.378835757506622
425,3.4296449710527432
426,3.484446174239402
427,3.5432573169004047
428,3.6060895592769846
429,3.672947226790326
430,3.7438277746743758
431,3.8187217625253203
432,3.897612838810018
433,3.980477735361317
434,4.067286271874137
435,4.158001370401808
436,4.252579079837982
437,4.35096861035512
438,4.453112377756376
439,4.558946057683631
440,4.668398649610249
441,4.781392550533214
442,4.8978436382656
443,5.017661364216297
444,5.140748855530759
445,5.267003026452913
446,5.396314698755261
447,5.528568731071315
448,5.663644156951781
449,5.80141433145328
450,5.941747086056473
451,6.0845048916983995
452,6.229545029692067
453,6.3767197702954785
454,6.525876558680956
455,6.676858208045091
456,6.829503099589676
457,6.983645389093864
458,7.13911521978835
459,7.2957389412336235
460,7.453339333895428
461,7.611735839102434
462,7.77074479406362
463,7.930179671615309
464,8.089851324361101
465,8.249568232861709
466,8.409136757525804
467,8.568361393847411
468,8.727045030631027
469,8.884989210840853
470,9.04199439470682
471,9.197860224717093
472,9.352385792123517
473,9.505369904584416
474,9.65661135456765
475,9.805909188135328
476,9.953062973731068
477,10.097873070590701
478,10.240140896397673
479,10.37966919380516
480,10.516262295448927
481,10.649726387076567
482,10.779869768421335
483,10.906503111452329
484,11.029439715635956
485,11.148495759847783
486,11.263490550579004
487,11.374246766086298
488,11.480590696139855
489,11.582352477030629
490,11.679366321504025
491,11.771470743294902
492,11.858508775946001
493,11.940328185599846
494,12.01678167746303
495,12.087727095650296
496,12.153027616125225
497,12.212551932464244
498,12.266174434180474
499,12.313775377354562
500,12.355241047330502
501,7.232050807568878
502,7.166040555754702
503,6.695299836597362
504,5.923015794804741
505,4.975027327689668
506,3.983480808859621
507,3.070391569694494
508,2.3332534423978464
509,1.8345179828620735
510,1.596201423688658
511,1.600151265642586
512,1.7937179488926887
513,2.099840068490796
514,2.4299661111163373
515,2.697881647126457
516,2.832435139210683
517,2.787365330451407
518,2.546895518157798
519,2.1264064020881634
520,1.568235488854363
521,0.9333709178275899
522,0.29040765081507725
523,-0.296471568305233
524,-0.7785952948338708
525,-1.1312346264805986
526,-1.3580243183110643
527,-1.4906364385526003
528,-1.5836859597907424
529,-1.7055723394603346
530,-1.926588460261626
531,-2.3060665603833725
532,-2.880514940978925
533,-3.654600276400008
534,-4.596459554702198
535,-5.6382332076579855
536,-6.681978975056334
537,-7.610357105713763
538,-8.300780341131102
539,-8.64119625448414
540,-8.545391136823776
541,-7.965715805655684
542,-6.90143629870074
543,-5.401467545332926
544,-3.560981446474076
545,-1.5121927490775482
546,0.5895944009611558
547,2.582956446270452
548,4.3182021761583815
549,5.673844575194235
550,6.569607292587696
551,6.974335963818877
552,6.907857751145327
553,6.436631150347361
554,5.663843355820372
555,4.715333316439672
556,3.7232474592502465
557,2.809601170944496
558,2.0718883409134765
559,1.5725605841120702
560,1.3336341940792837
561,1.3369567343925852
562,1.5298787099083104
563,1.835338782240798
564,2.164785506506962
565,2.432004523376456
566,2.5658443677263074
567,2.520043856701405
568,2.2788263635484185
569,1.857572665838166
570,1.2986203498699864
571,0.6629576365775884
572,0.01917957120570657
573,-0.5685310170552318
574,-1.051502596318246
575,-1.4050061752305985
576,-1.6326764179204356
577,-1.766185299802605
578,-1.8601476987751138
579,-1.9829629757103406
580,-2.204923914870999
581,-2.58536265413336
582,-3.1607873924632983
583,-3.9358647001500016
584,-4.87873145931157
585,-5.921527993907985
586,-6.966311934040709
587,-7.895743416963769
588,-8.587235070740482
589,-8.928734353234141
590,-8.834027438308155
591,-8.255465024405677
592,-7.1923130283101075
593,-5.693486256582929
594,-3.854156485458439
595,-1.8065383353275453
596,0.29406417635178633
597,2.2862276225204567
598,4.020260924674009
599,5.374677201444242
600,6.269200237978319
601,6.672675807568877
602,6.60493121216095
603,6.132425089097364
604,5.358344776210982
605,4.408529367689668
606,3.4151254377658713
607,2.5001485221944977
608,1.7610926613041038
609,1.2604096228620734
610,1.0201158550949092
611,1.0220590781425898
612,1.2135899552989422
613,1.5176473084907922
614,1.845679855022592
615,2.1114733996264583
616,2.2438766431169315
617,2.1966285704514057
618,1.9539527245640422
619,1.531230054588161
620,0.9707983202606123
621,0.333645917827584
622,-0.3116319302786732
623,-0.9008522158052392
624,-1.385343225927629
625,-1.7403757864805993
626,-1.9695843769048103
627,-2.104640786052598
628,-2.2001597033844877
629,-2.3245402994603266
630,-2.548075166355366
631,-2.9300962478833497
632,-3.5071115470726744
633,-4.283787436400001
634,-5.228260598295934
635,-6.272671155157974
636,-7.319076533650071
637,-8.250136665713752
638,-8.943263972224853
639,-9.286405701984144
640,-9.193347817917534
641,-8.616440805655698
642,-7.554950367294477
643,-6.057791092832924
644,-4.220134540067841
645,-2.17419510907756
646,-0.07527659513262186
647,1.9151977987704623
648,3.647537220064639
649,5.000255015194234
650,5.893075198993941
651,6.294843776318869
652,6.225388282551582
653,5.751167590347372
654,4.975369274726631
655,4.0238326689396775
656,3.028704588156514
657,2.112000810944502
658,1.3712156223197312
659,0.868801036612084
660,0.6267737504855424
661,0.6269817343926031
662,0.8167759038145636
663,1.1190953347407928
664,1.4453890004132042
665,1.7094429633764543
666,1.8401061841325488
667,1.7911179092013982
668,1.5467019449546584
669,1.1222395058381636
670,0.5600686187762279
671,-0.07882205092239597
672,-0.7258370098880444
673,-1.3167929770552382
674,-1.8030179649119962
675,-2.1597825227306
676,-2.3907208515142147
677,-2.527504459802623
678,-2.624747754868876
679,-2.7508496232103545
680,-2.9761023709647523
681,-3.3598376541333845
682,-3.9385631860570585
683,-4.716945047649999
684,-5.663119627905306
685,-6.709226753907952
686,-7.757323555134439
687,-8.69006966446375
688,-9.384877201834199
689,-9.72969311323413
690,-9.63830305690191
691,-9.06305721190567
692,-8.003220971903858
693,-6.507708616582946
694,-4.671691391552232
695,-2.627383382827578
696,-0.530088069741991
697,1.4587716625204463
698,3.189505281080253
699,4.540626453944226
700,5.431859519384567
701,5.8320508075688915
702,5.76102818106723
703,5.285250841597385
704,4.507906695117258
705,3.5548354076897053
706,2.5581841291721377
707,1.6399689746945023
708,0.8976845677103564
709,0.39378326286207943
710,0.1502820990011673
711,0.14902939064256138
712,0.3373763992051795
713,0.6382625484907734
714,0.963137161428828
715,1.2257866521264589
716,1.3550603345231849
717,1.304697810451417
718,1.0589232434703084
719,0.6331182070881932
720,0.0696210891668857
721,-0.5705790821724187
722,-1.2188864488724125
723,-1.8111173633052275
724,-2.2985994695213634
725,-2.656602946480593
726,-2.888761622998552
727,-3.026746633552574
728,-3.1251720094782245
729,-3.2524362594603007
730,-3.4788313099491317
731,-3.863688435383366
732,-4.443514965666412
733,-5.222976596399995
734,-6.170209329389684
735,-7.217352602657996
736,-8.266463154743828
737,-9.200200225713766
738,-9.895975540818622
739,-10.24173564948415
740,-10.151265811511283
741,-9.57691580565569
742,-8.517950623388247
743,-7.0232841403329385
744,-5.188087196161591
745,-3.1445734690775464
746,-1.0480460287263458
747,0.9400726512704607
748,2.6700924514708655
749,4.020527455194215
750,4.911102417900189
751,5.310664088818868
752,5.239040751457827
753,4.7626920303473845
754,3.9848062561328845
755,3.0312235214396517
756,2.034091404562748
757,1.1154264509444938
758,0.3727237162259809
759,-0.13156401088791636
760,-0.3754192556081952
761,-0.37699326560738045
762,-0.18893433977919527
763,0.11169738724080269
764,0.4363516818194777
765,0.6988154033764609
766,0.8279383130388145
767,0.7774604617014134
768,0.531606463860925
769,0.10575834583815746
770,-0.4577450498175022
771,-1.0979142384224063
772,-1.7461529034817977
773,-2.3382769370552214
774,-2.8256135210057414
775,-3.183432370230591
776,-3.4153668476079346
777,-3.5530876198025867
778,-3.6512082484625856
779,-3.778126770710315
780,-4.004134639558467
781,-4.38856265413333
782,-4.967917667150818
783,-5.746864895150018
784,-6.693539858999081
785,-7.740081513907985
786,-8.788546113728215
787,-9.721592411963751
788,-10.416631645427982
789,-10.761609873234164
790,-10.670311862995671
791,-10.095086899405716
792,-9.035199477997589
793,-7.539562976582914
794,-5.703347735145944
795,-3.6587669303275367
796,-1.5611231283357385
797,0.42816170252044494
798,2.159397949986495
799,3.51110020644421
800,4.402993738290794
801,4.803925807568845
802,4.733725212473454
803,4.258852094097351
804,3.4824953015234974
805,2.530495447689666
806,1.5350006330783654
807,0.6180279271945008
808,-0.12292708838339417
809,-0.6254110971379103
810,-0.8674060945925801
811,-0.867062796857394
812,-0.6770289693885572
813,-0.3743642115092113
814,-0.047618219664909756
815,0.2169964046264672
816,0.34832996342943745
817,0.3001230504514103
818,0.056600824876542166
819,-0.36685414041182884
820,-0.9279024544268901
821,-1.5655540821724188
822,-2.2112121549661596
823,-2.80069201080523
824,-3.285320275615112
825,-3.6403661064805917
826,-3.869462306592303
827,-4.004278981052597
828,-4.099429128071974
829,-4.223310219460299
830,-4.446213141042856
831,-4.827468122883393
832,-5.403581446760185
833,-6.179217756400015
834,-7.12251199798345
835,-8.165602550157974
836,-9.210545088337549
837,-10.139997785713764
838,-10.831371296912344
839,-11.17261109698413
840,-11.077501367605056
841,-10.498390805655664
842,-9.434543316981964
843,-7.934871687832911
844,-6.094545664755334
845,-4.045777829077527
846,-1.943870149820104
847,0.04975600377042966
848,1.7854116203771244
849,3.1416118951942114
850,4.038082699306419
851,4.443671901318897
852,4.378208907864067
853,3.9081544703473656
854,3.136698050039138
855,2.189680873939656
856,1.1992516584690016
857,0.28742809094450816
858,-0.4482936273677678
859,-0.9454595583879144
860,-1.1820510742019645
861,-1.1762182656074143
862,-0.980608270872946
863,-0.6722800602592264
864,-0.33978269927427385
865,-0.06932815662353908
866,0.06793450444506188
867,0.025746514201407056
868,-0.21166632973282362
869,-0.6289208141618157
870,-1.1836769059112782
871,-1.8149439259223983
872,-2.454124359575522
873,-3.0370328970552363
874,-3.5149955145994896
875,-3.8632807177305937
876,-4.08552065620167
877,-4.2133847798025865
878,-4.3014854295563625
879,-4.418219418210286
880,-4.633876970652216
881,-5.007787654133402
882,-5.576457085744556
883,-6.344549242650014
884,-7.280198402592816
885,-8.315542273907962
886,-9.352635859821962
887,-10.27413665946375
888,-10.957454651521704
889,-11.290534633234163
890,-11.187160106589385
891,-10.599679086905665
892,-9.527354796591345
893,-8.019099336582922
894,-6.1700817662397265
895,-4.112513977827546
896,-2.0016972494294967
897,0.0009477425204138523
898,1.7457326813927392
899,3.1111734589442053
900,4.0169966446970875
901,4.432050807568876
902,4.376166056379704
903,3.91580384659738
904,3.1541543454297223
905,2.2170594876896694
906,1.2366686994846376
907,0.33500037969449403
908,-0.39044855697714054
909,-0.8772234571379205
910,-1.1033049756863456
911,-1.0868424843574265
912,-0.8804824004823365
913,-0.5612829715091874
914,-0.21779253825866096
915,0.06377765712645433
916,0.21227927983568962
917,0.18145429045141026
918,-0.04447078121719006
919,-0.4501119879118518
920,-0.9931285605206306
921,-1.6125290821723848
922,-2.239715298559883
923,-2.810501158305226
924,-3.2762118942088607
925,-3.6121152664805956
926,-3.821842677686052
927,-3.9370628285525964
928,-4.01238730916575
929,-4.116212179460299
930,-4.318826909636656
931,-4.67956031038341
932,-5.2349172403539335
933,-5.989560916400011
934,-6.911624854077186
935,-7.933245997657989
936,-8.956478584431323
937,-9.863979345713732
938,-10.533157490506118
939,-10.851957044484152
940,-10.734160736198755
941,-10.13211580565567
942,-9.045084698075726
943,-7.521978735332934
944,-5.65796619584907
945,-3.5852581890775634
946,-1.4591552084138903
947,0.5589228562704474
948,2.3192884767833535
949,3.700458335194255
950,4.622159793212705
951,5.053242213818883
952,5.013536501770341
953,4.569504910347341
954,3.824338406445363
955,2.903879726439685
956,1.9402790998752364
957,1.0555557309445012
958,0.3472073415384842
959,-0.12231060588796261
960,-0.33097795529573126
961,-0.29694326560743944
962,-0.0728521394667265
963,0.26423799224080113
964,0.6257796071319515
965,0.925562283376445
966,1.0924385083513148
967,1.0801510667014156
968,0.8729273141734455
969,0.4861520258381683
970,-0.03783319950499042
971,-0.6380361134223685
972,-1.2458576281692944
973,-1.797110857055218
974,-2.2431201956932325
975,-2.559152565230589
976,-2.7488385272954323
977,-2.8438459398026064
978,-2.8987855481500864
979,-2.9820525657103665
980,-3.163935614246046
981,-3.503762654133381
982,-4.038037691838312
983,-4.771423090150009
984,-5.672051508686577
985,-6.672059033907976
986,-7.673499043415682
987,-8.559027406963773
988,-9.20605247011548
989,-9.502517393234115
990,-9.36220403768315
991,-8.73745877440567
992,-7.627543177685109
993,-6.081367696582911
994,-4.194099734833461
995,-2.097949525327584
996,0.05178331697671712
997,2.093679782520429
998,3.8780532252989683
999,5.2834212114442485
1000,6.229511988603331
1001,5.170219226260193
1002,5.362026841058934
1003,5.50577828882571
1004,5.598400843773293
1005,5.637619171052277
1006,5.6220327071525835
1007,5.551174394375648
1008,5.42554898819027
1009,5.246649639320802
1010,5.016951971492661
1011,4.739885418235344
1012,4.419782134753116
1013,4.061804350057718
1014,3.6718515567919807
1015,3.2564494383044074
1016,2.82262289210365
1017,2.377755914371474
1018,1.9294414515733846
1019,1.4853245937457515
1020,1.0529426728796503
1021,0.6395659340134795
1022,0.2520424632887521
1023,-0.10334901445656319
1024,-0.42103501460867543
1025,-0.6962686363390667
1026,-0.9252334789211811
1027,-1.105127629378069
1028,-1.2342256717971238
1029,-1.3119171710314073
1030,-1.3387206245848189
1031,-1.3162724433622714
1032,-1.2472911011194192
1033,-1.1355171700133575
1034,-0.9856305217976044
1035,-0.80314650743676
1036,-0.59429341943622
1037,-0.3658739791809502
1038,-0.12511396552742998
1039,0.12049859819563512
1040,0.36338006098245357
1041,0.596019791878069
1042,0.8111470395185336
1043,1.001892228013572
1044,1.1619390461909638
1045,1.2856639053386654
1046,1.3682596390519282
1047,1.405840690411488
1048,1.3955274675203555
1049,1.3355080379070132
1050,1.225075863674812
1051,1.0646428397586245
1052,0.8557274737733571
1053,0.6009186238817823
1054,0.30381577702842333
1055,-0.031052609744601556
1056,-0.39833068024517093
1057,-0.7919541861030202
1058,-1.2052840629721415
1059,-1.6312513888177251
1060,-2.062510294437323
1061,-2.491595236852038
1062,-2.911078973386238
1063,-3.313727589522405
1064,-3.692649036212862
1065,-4.041431819369943
1066,-4.35427075080836
1067,-4.626077009122055
1068,-4.852570162234491
1069,-5.030350260520075
1070,-5.156948609024871
1071,-5.230856356984715
1072,-5.251530589421588
1073,-5.2193781555997845
1074,-5.135718009008189
1075,-5.0027233500686545
1076,-4.823345343338036
1077,-4.601220613890083
1078,-4.340565102367842
1079,-4.046057165895483
1080,-3.722713045330874
1081,-3.3757579727961167
1082,-3.010496263612278
1083,-2.632183722335522
1084,-2.2459055943050554
1085,-1.8564631148140975
1086,-1.4682714525621787
1087,-1.0852715191867595
1088,-0.7108577308671178
1089,-0.3478233712109351
1090,0.0016752719066606137
1091,0.3361353269883811
1092,0.6547041672950407
1093,0.9571570175286797
1094,1.2438562179865407
1095,1.5156935093319626
1096,1.774017148213931
1097,2.0205460628328895
1098,2.2572735980936347
1099,2.4863636735787153
1100,2.7100423772828988
1101,2.930488138799136
1102,3.1497236643578166
1103,3.369512771782614
1104,3.5912651371170674
1105,3.815951759545829
1106,4.044033672419555
1107,4.275406082692534
1108,4.509359717585122
1109,4.7445607059490085
1110,4.979049834022615
1111,5.210261503334246
1112,5.435062195389898
1113,5.649807726727374
1114,5.850418072163004
1115,6.03246805648387
1116,6.191291777655556
1117,6.3220982390523925
1118,6.420095344242551
1119,6.48061915393259
1120,6.499265127528321
1121,6.472017976240326
1122,6.395376743572818
1123,6.266471803109132
1124,6.083170621357246
1125,5.844169371566824
1126,5.54906779739459
1127,5.198425105722057
1128,4.79379510676568
1129,4.337739306336608
1130,3.8338171779544874
1131,3.2865533888143603
1132,2.701382310040894
1133,2.0845706946358504
1134,1.4431199424656824
1135,0.7846498773503332
1136,0.11726642430010692
1137,-0.550584016292135
1138,-1.2102703563702475
1139,-1.8531393574892383
1140,-2.4706813140789325
1141,-3.054695172918505
1142,-3.5974493607538265
1143,-4.091834662420806
1144,-4.531505649632728
1145,-4.911007402266598
1146,-5.22588458401931
1147,-5.472770325262482
1148,-5.649452818636892
1149,-5.75491803671235
1150,-5.789367523960915
1151,-5.7542107844504855
1152,-5.652032368508286
1153,-5.486534342252605
1154,-5.262455389482506
1155,-4.985468332435091
1156,-4.662058353532624
1157,-4.299384642602044
1158,-3.9051285725907032
1159,-3.4873318124917074
1160,-3.0542280117537413
1161,-2.6140718305366315
1162,-2.1749691415000907
1163,-1.7447121902330602
1164,-1.330623373966254
1165,-0.9394110850238464
1166,-0.5770407717866706
1167,-0.24862400292008324
1168,0.04167211081482858
1169,0.2906932682372203
1170,0.4963427615761735
1171,0.6576019081785085
1172,0.7745259189052431
1173,0.8482155673491183
1174,0.8807655877456715
1175,0.8751912681043383
1176,0.8353352057905199
1177,0.7657566436335785
1178,0.6716061949507182
1179,0.5584890864938526
1180,0.43232029179741643
1181,0.29917508818058325
1182,0.16513864521943245
1183,0.0361582394475739
1184,-0.08209840989478967
1185,-0.1843753732064799
1186,-0.2659482631943153
1187,-0.3227287954782867
1188,-0.3513518438578953
1189,-0.34924312969855387
1190,-0.31466617986344625
1191,-0.24674771242929694
1192,-0.14548115100302295
1193,-0.011708513352080896
1194,0.15291854520866055
1195,0.34599724185547165
1196,0.5644499624464688
1197,0.8046161486908068
1198,1.062357211196814
1199,1.3331716002941056
1200,1.6123169376977495
1201,1.894935962822901
1202,2.1761829812607623
1203,2.4513475209068485
1204,2.715972002700494
1205,2.9659604150184684
1206,3.1976752385842246
1207,3.4080201955436538
1208,3.5945067836426796
1209,3.7553029942449863
1210,3.8892630900272276
1211,3.995937822392446
1212,4.075564987097188
1213,4.129040736100398
1214,4.157872571007014
1215,4.164115425809788
1216,4.1502926916830125
1217,4.119304433050354
1218,4.074325381963438
1219,4.0186955683949535
1220,3.9558066404701715
1221,3.888987045901167
1222,3.821389280909497
1223,3.755882364754294
1224,3.6949525677484245
1225,3.6406152115371047
1226,3.5943400776128867
1227,3.5569926105906085
1228,3.5287926953964917
1229,3.5092923324386414
1230,3.4973730434416934
1231,3.491263325300917
1232,3.48857594302398
1233,3.4863643288701947
1234,3.481196846429391
1235,3.469247198514174
1236,3.4463988185986882
1237,3.408360698370723
1238,3.3507917787545463
1239,3.2694307769741098
1240,3.1602281446001386
1241,3.019476755896562
1242,2.843937914967817
1243,2.6309593449257864
1244,2.3785819811392743
1245,2.0856326301074564
1246,1.7517998701085118
1247,1.3776909521351839
1248,0.9648679006606731
1249,0.5158615029204952
1250,0.03416240086570399
1251,-0.47581095097926607
1252,-1.0087671391795092
1253,-1.5586185780354198
1254,-2.1185788116974713
1255,-2.681278405482003
1256,-3.2388970341306065
1257,-3.7833089630675043
1258,-4.306238771570528
1259,-4.799423892886977
1260,-5.254780352643918
1261,-5.664567978438045
1262,-6.02155133320159
1263,-6.31915269365306
1264,-6.551593551521778
1265,-6.714021355823993
1266,-6.802618533757883
1267,-6.8146912183534365
1268,-6.748735563700213
1269,-6.604480032705672
1270,-6.38290258597344
1271,-6.086222270630067
1272,-5.717865291208637
1273,-5.2824062271280985
1274,-4.78548562900731
1275,-4.233705765488272
1276,-3.6345067905524466
1277,-2.9960260466248645
1278,-2.3269436004743818
1279,-1.6363174179680757
1280,-0.9334118128102701
1281,-0.2275229481058788
1282,0.47219477539170673
1283,1.1568976453443018
1284,1.8182132029542508
1285,2.4483889814334665
1286,3.0404262422261854
1287,3.5881958969989283
1288,4.086534231613364
1289,4.5313165306747765
1290,4.919507226091843
1291,5.249185747682879
1292,5.5195478248165895
1293,5.730882561619446
1294,5.884526170625358
1295,5.9827937874018335
1296,6.028891288816997
1297,6.026809488313779
1298,5.981203472173083
1299,5.897260162111318
1300,5.780557434220737
1301,5.636918286669471
1302,5.472263625203628
1303,5.292467224917047
1304,5.103216329693131
1305,4.909881170011451
1306,4.717396420325617
1307,4.5301572857491195
1308,4.351932512869428
1309,4.185796171217013
1310,4.03407956159151
1311,3.898344087436884
1312,3.77937538879715
1313,3.6771984984742367
1314,3.5911132502883167
1315,3.5197486629460992
1316,3.4611345524743697
1317,3.4127882030602743
1318,3.371813560828816
1319,3.3350101164846446
1320,3.298988418062292
1321,3.2602890096147004
1322,3.2155015288819313
1323,3.161380718099371
1324,3.094956206306951
1325,3.0136331059086547
1326,2.9152807258990503
1327,2.798307032338877
1328,2.6617168748334494
1329,2.5051524359609116
1330,2.32891483758314
1331,2.1339663415600745
1332,1.9219130997296892
1333,1.694968925926798
1334,1.4559010681043019
1335,1.2079594384217152
1336,0.9547912012566306
1337,0.7003430122006097
1338,0.4487535351826681
1339,0.2042391313611534
1340,-0.029024194521188484
1341,-0.24701939200484202
1342,-0.4460042785024661
1343,-0.6226215932764658
1344,-0.7740001518241681
1345,-0.8978442749879829
1346,-0.992508955118574
1347,-1.0570585762525873
1348,-1.0913074177442128
1349,-1.0958406308617783
1350,-1.0720148740608
1351,-1.0219383125757493
1352,-0.9484302186081739
1353,-0.8549609364020507
1354,-0.7455734885898413
1355,-0.6247885834252099
1356,-0.4974952246319041
1357,-0.36882951532343666
1358,-0.2440445747821559
1359,-0.12837474334739318
1360,-0.026897429502404036
1361,0.055603950377024924
1362,0.1147724780576187
1363,0.14680229861730065
1364,0.1485520175866364
1365,0.11764394346885587
1366,0.05254650516982551
1367,-0.04736244184872773
1368,-0.1817532635465815
1369,-0.349324500471869
1370,-0.5478059487350662
1371,-0.7739851390757864
1372,-1.023756921466136
1373,-1.2921953030266151
1374,-1.5736461441865723
1375,-1.861838805278865
1376,-2.1500143657050463
1377,-2.431067622024605
1378,-2.6976997200995965
1379,-2.9425779985159224
1380,-3.158499422893483
1381,-3.3385538784450466
1382,-3.4762835642465904
1383,-3.5658347980003695
1384,-3.6020986933085166
1385,-3.5808374091985806
1386,-3.498792988375505
1387,-3.3537761890160547
1388,-3.144733165732568
1389,-2.871788357951684
1390,-2.536262486456173
1391,-2.1406651283266367
1392,-1.6886619234341096
1393,-1.1850170480840558
1394,-0.6355121595070258
1395,-0.04684355508792404
1396,0.5735002103525437
1397,1.2173775591564229
1398,1.876146903772883
1399,2.5408300534285457
1400,3.202282398543565
1401,3.8513661106932533
1402,4.479122538198623
1403,5.076940009439461
1404,5.636713376779952
1405,6.150991840499382
1406,6.613111879187293
1407,7.0173124736135275
1408,7.358830236281504
1409,7.633972538335749
1410,7.840167247548781
1411,7.975988243086971
1412,8.041156441282372
1413,8.036516637986123
1414,7.963991033487502
1415,7.826510841995468
1416,7.6279278864713715
1417,7.37290852929792
1418,7.066812679222739
1419,6.715560936074768
1420,6.325493179474151
1421,5.903222070591398
1422,5.455485013430099
1423,4.98899811268169
1424,4.510315569641886
1425,4.025697778802308
1426,3.54099113039846
1427,3.061522195170986
1428,2.592008575397361
1429,2.136488260910311
1430,1.698268841654634
1431,1.2798974116555497
1432,0.8831514660753985
1433,0.5090505566845873
1434,0.15788794496364544
1435,-0.1707190107172235
1436,-0.47776146435084865
1437,-0.7647568380833232
1438,-1.0336542365543706
1439,-1.2867303271565362
1440,-1.5264787152152246
1441,-1.7554959856894565
1442,-1.9763676432387787
1443,-2.1915571591434717
1444,-2.4033012274591123
1445,-2.6135141468570358
1446,-2.8237039837769187
1447,-3.034902843602216
1448,-3.247613188065217
1449,-3.4617716989967096
1450,-3.6767317120871423
1451,-3.8912647417171384
1452,-4.103581101988587
1453,-4.311369113021935
1454,-4.511851878557136
1455,-4.7018601437582905
1456,-4.8779193030740045
1457,-5.036348238298705
1458,-5.17336733662219
1459,-5.285212775974729
1460,-5.368253977194609
1461,-5.419111014419511
1462,-5.434768749583888
1463,-5.412684514874562
1464,-5.3508863072397785
1465,-5.248058678272296
1466,-5.1036137957229535
1467,-4.9177455124024805
1468,-4.691464695473213
1469,-4.426614533822103
1470,-4.125865041830021
1471,-3.7926865019668647
1472,-3.4313021231821192
1473,-3.046620723658059
1474,-2.6441507618137026
1475,-2.229897525519611
1476,-1.810245734018386
1477,-1.3918301987487176
1478,-0.9813975181172916
1479,-0.5856620387572273
1480,-0.2111594951895277
1481,0.13589816378179354
1482,0.4497632429821914
1483,0.7252846199934786
1484,0.958028633344262
1485,1.1443855001123198
1486,1.2816585418055215
1487,1.368133884504269
1488,1.4031287458283808
1489,1.3870169167174484
1490,1.3212305784358984
1491,1.2082381518399883
1492,1.0514984433511367
1493,0.8553919165436082
1494,0.6251304660777524
1495,0.36664758856982566
1496,0.0864713202486107
1497,-0.20841726772003
1498,-0.5107368688997282
1499,-0.8130666058075564
1500,-1.1080109255774178
1501,9.5287226216076
1502,9.319652671722277
1503,9.076092607938902
1504,8.813864491266537
1505,8.548823575275971
1506,8.296165248131576
1507,8.069762738923703
1508,7.881563304723298
1509,7.7410681642507875
1510,7.654917942529082
1511,7.626600984010233
1512,7.656296762689294
1513,7.740860979920372
1514,7.873953028450205
1515,8.04630056041114
1516,8.246090174684856
1517,8.459467973101761
1518,8.671129144355493
1519,8.864972010199375
1520,9.024789265365259
1521,9.134967573181372
1522,9.181166308428084
1523,9.150947083095215
1524,9.034327714450322
1525,8.82423741423083
1526,8.516854063332586
1527,8.111809318427994
1528,7.612252772745514
1529,7.024772235335717
1530,6.3591731588629585
1531,5.628126087474903
1532,4.846696470943877
1533,4.031776071608143
1534,3.2014392739155966
1535,2.374250722945567
1536,1.5685527386729867
1537,0.8017617929992573
1538,0.08970296178989834
1539,-0.5539903101082797
1540,-1.118386501253599
1541,-1.595655463719042
1542,-1.9813407278134936
1543,-2.274493630555749
1544,-2.477663965962961
1545,-2.5967478028219895
1546,-2.640699034846076
1547,-2.62111687311019
1548,-2.5517266269400025
1549,-2.447775533683906
1550,-2.3253689067170265
1551,-2.2007743289302324
1552,-2.0897229238465505
1553,-2.0067368342988168
1554,-1.9645109253791717
1555,-1.9733744505408095
1556,-2.0408550721007765
1557,-2.1713633492215942
1558,-2.3660107756684887
1559,-2.6225688754528536
1560,-2.935570978663782
1561,-3.296552347089105
1562,-3.694418547141672
1563,-4.115926616132781
1564,-4.546258859587142
1565,-4.969665247855018
1566,-5.370147510664407
1567,-5.732156277830459
1568,-6.0412720559472
1569,-6.284841487832002
1570,-6.4525421865663874
1571,-6.536852392588358
1572,-6.533405647649742
1573,-6.441215449670377
1574,-6.262760249422126
1575,-6.0039249493316715
1576,-5.673801025536997
1577,-5.284353268981306
1578,-4.849966685662776
1579,-4.386892079775709
1580,-3.9126130592633936
1581,-3.445160476035407
1582,-3.002402506738584
1583,-2.601339603297699
1584,-2.2574333528661317
1585,-1.9839968921458222
1586,-1.7916719791152096
1587,-1.6880142415716728
1588,-1.677203645359253
1589,-1.759892041615638
1590,-1.9331939771099134
1591,-2.190821020455597
1592,-2.5233539160065415
1593,-2.9186411733085817
1594,-3.3623074699651014
1595,-3.8383507068611156
1596,-4.329802895338545
1597,-4.819427428034397
1598,-5.2904237977305355
1599,-5.727110543372425
1600,-6.115558131093997
1601,-6.444145581897729
1602,-6.704017849014124
1603,-6.889425094146576
1604,-6.997929940367409
1605,-7.030474285434819
1606,-6.991303113826611
1607,-6.887748705436732
1608,-6.729884455897491
1609,-6.5300629560518795
1610,-6.302357800369964
1611,-6.0619326056146905
1612,-5.824363755050241
1613,-5.6049453138166125
1614,-5.418005307506368
1615,-5.276262087421173
1616,-5.190247841904087
1617,-5.167823522676294
1618,-5.2138056542105495
1619,-5.329720840804625
1620,-5.513698473567731
1621,-5.760506388793863
1622,-6.061728279183652
1623,-6.406075757398609
1624,-6.779822362812027
1625,-7.167341720201695
1626,-7.551727714786077
1627,-7.915471122063946
1628,-8.241164765849135
1629,-8.512208072092841
1630,-8.713481889786529
1631,-8.83196566341591
1632,-8.857271413814775
1633,-8.782072417406088
1634,-8.602408825200245
1635,-8.317857551878019
1636,-7.931559380500502
1637,-7.450102136677627
1638,-6.883264742028297
1639,-6.243632713133996
1640,-5.546100989873561
1641,-4.8072846352051695
1642,-4.044861753711558
1643,-3.2768757705623326
1644,-2.5210258799932674
1645,-1.7939749437979455
1646,-1.1107033762069172
1647,-0.4839356229328755
1648,0.07633719066309186
1649,0.5632188782532848
1650,0.9731393363035427
1651,1.3059459042768757
1652,1.5648514508110785
1653,1.756241656769825
1654,1.8893498228700318
1655,1.975813038414341
1656,2.0291284795665057
1657,2.064032755645636
1658,2.095830417628389
1659,2.139699851655796
1660,2.2100057142413387
1661,2.3196467863019916
1662,2.4794666417450166
1663,2.6977519047607266
1664,2.9798392172003583
1665,3.3278475053299825
1666,3.740546912262075
1667,4.2133700656157185
1668,4.738565416276627
1669,5.305486460206666
1670,5.901004987379194
1671,6.510031325745914
1672,7.116120078903172
1673,7.702136279679643
1674,8.250954346973824
1675,8.746160845317492
1676,9.172731863649295
1677,9.517656859411879
1678,9.77048301370123
1679,9.923757421550171
1680,9.973348662439038
1681,9.918634284544828
1682,9.762546284919845
1683,9.511472546302933
1684,9.175018155469052
1685,8.765636330209283
1686,8.298144081220222
1687,7.789142507127873
1688,7.25636556738783
1689,6.717984134998002
1690,6.191893976035896
1691,5.695016959401411
1692,5.242644240600604
1693,4.847848411259186
1694,4.520988734160591
1695,4.269329711341185
1696,4.096788521075943
1697,4.003821504256775
1698,3.987454104240533
1699,4.041452706747887
1700,4.156630935364103
1701,4.321277378392401
1702,4.521686686054519
1703,4.7427716925668975
1704,4.9687308634087675
1705,5.183743083446723
1706,5.372660681333172
1707,5.521671676207935
1708,5.618903530327604
1709,5.654943141790047
1710,5.623251313057184
1711,5.520454337871919
1712,5.346500478154551
1713,5.1046747402751524
1714,4.801471272310845
1715,4.446328644683144
1716,4.051238998913231
1717,3.6302473151923365
1718,3.198861640061281
1719,2.7733988398188334
1720,2.370293148415798
1721,2.0053963480678862
1722,1.693298791269396
1723,1.4466996287758342
1724,1.2758525843895518
1725,1.1881104979889245
1726,1.187587772693139
1727,1.2749549800036475
1728,1.4473744009752973
1729,1.6985794393859408
1730,2.0190948771690103
1731,2.3965891008697158
1732,2.8163439532518932
1733,3.2618229838578086
1734,3.715314789056174
1735,4.158625015548436
1736,4.573788580922855
1737,4.943772824591747
1738,5.253142677239837
1739,5.488660511183765
1740,5.639796042406114
1741,5.699125384968307
1742,5.662602955081771
1743,5.5296951943737245
1744,5.303370810809255
1745,4.989948183342129
1746,4.598806495604616
1747,4.1419728089404435
1748,3.633602421370142
1749,3.0893742733342937
1750,2.525826669982392
1751,1.9596610476802363
1752,1.407042817299953
1753,0.8829284146484346
1754,0.40044657516779614
1755,-0.029640427789454638
1756,-0.3993731894390191
1757,-0.703911111298553
1758,-0.9417147874590435
1759,-1.114587330865113
1760,-1.2275730168857384
1761,-1.2887175741601604
1762,-1.3087002247920991
1763,-1.3003529274427201
1764,-1.2780869852238508
1765,-1.2572510497360083
1766,-1.253447422212683
1767,-1.281835303163561
1768,-1.3564502003058112
1769,-1.4895680476339512
1770,-1.6911407434106223
1771,-1.9683268582562579
1772,-2.325137319163497
1773,-2.762211105051284
1774,-3.2767305925799404
1775,-3.862480391599977
1776,-4.510047548769985
1777,-5.207155123238464
1778,-5.939115593958335
1779,-6.68938557459534
1780,-7.440199096215329
1781,-8.173253445213856
1782,-8.870419350323717
1783,-9.514446289220519
1784,-10.089633874831906
1785,-10.582441676148266
1786,-10.982012370264126
1787,-11.280586706022596
1788,-11.473793236183042
1789,-11.560800958579883
1790,-11.544328682015177
1791,-11.430510863926553
1792,-11.228625607860973
1793,-10.95069621273226
1794,-10.610982895867048
1795,-10.22538585077053
1796,-9.810784459907442
1797,-9.384340110688289
1798,-8.962791550226026
1799,-8.561771999633374
1800,-8.195176319964059
1801,-7.874604418102278
1802,-7.60890388954331
1803,-7.403830748839226
1804,-7.261842169937272
1805,-7.182029652647871
1806,-7.160195176966255
1807,-7.189066947334913
1808,-7.258645511930268
1809,-7.356665609508942
1810,-7.469154274091926
1811,-7.58106171626746
1812,-7.676938465917982
1813,-7.741630330858889
1814,-7.760961979477796
1815,-7.722380424033098
1816,-7.615531345365861
1817,-7.4327439902578005
1818,-7.169404173576854
1819,-6.8241995707335885
1820,-6.399226798432709
1821,-5.899955532455413
1822,-5.335050861231964
1823,-4.716060975952452
1824,-4.056982906594724
1825,-3.3737240953780927
1826,-2.6834819435053046
1827,-2.004066893007715
1828,-1.3531969705860645
1829,-0.7477929261488447
1830,-0.203303095058603
1831,0.2669141000712749
1832,0.6521244645571329
1833,0.9446470534601297
1834,1.1401601410678548
1835,1.237871468024
1836,1.2405457112952794
1837,1.1543880304466059
1838,0.9887884996904417
1839,0.7559379915385097
1840,0.4703313955641629
1841,0.14817871395590218
1842,-0.19325161921231104
1843,-0.5363300537356205
1844,-0.8637750653573864
1845,-1.159344844082199
1846,-1.4084829927547482
1847,-1.5988916285373802
1848,-1.721008312745116
1849,-1.7683672454236774
1850,-1.7378299833195365
1851,-1.6296763730268886
1852,-1.4475522092638582
1853,-1.198276089599447
1854,-0.8915137937567824
1855,-0.5393340244441117
1856,-0.15566427857362475
1857,0.24433023223448752
1858,0.6449184972535054
1859,1.0304982351421381
1860,1.3862838782137756
1861,1.6989591349472624
1862,1.957266734595614
1863,2.1525105793347574
1864,2.2789491821687404
1865,2.334063800901025
1866,2.318689901474388
1867,2.237006280738282
1868,2.0963821123870114
1869,1.9070881037392913
1870,1.681883618909688
1871,1.4354968000987152
1872,1.184019187973203
1873,0.9442399185620278
1874,0.7329471089926141
1875,0.5662254322541456
1876,0.45877906417329717
1877,0.42330815616788486
1878,0.4699647877367581
1879,0.6059110743008662
1880,0.8349978850078019
1881,1.1575776367044228
1882,1.5704590816118134
1883,2.067006127735265
1884,2.63737676684958
1885,3.2688923827248018
1886,3.94652231308096
1887,4.653463766826382
1888,5.37179325162758
1889,6.083162709677517
1890,6.769511714463542
1891,7.413766424980727
1892,8.000496553392527
1893,8.51650335430164
1894,8.951314515698424
1895,9.297565703930449
1896,9.551253226748175
1897,9.711847633825915
1898,9.782263850595383
1899,9.768689398737928
1900,9.680278147724582
1901,9.528722621607598
1902,9.32772292203478
1903,9.092374612938935
1904,8.838501266579057
1905,8.581959655275979
1906,8.337946693444072
1907,8.120337143923722
1908,7.941079805035814
1909,7.809677444250795
1910,7.73277224284158
1911,7.71385410901023
1912,7.753104088001791
1913,7.847379459920368
1914,7.990341203762702
1915,8.172718565411143
1916,8.382699744997334
1917,8.606432453101744
1918,8.82861349466799
1919,9.033142815199382
1920,9.203814740677748
1921,9.325017573181348
1922,9.382412333740573
1923,9.363562288095219
1924,9.25848691476284
1925,9.060117094230819
1926,8.764632383645086
1927,8.371666123428005
1928,7.8843695980580355
1929,7.309332315335762
1930,6.656361434175463
1931,5.938129212474913
1932,5.169702821256392
1933,4.367975751608191
1934,3.551024124228147
1935,2.737414327945581
1936,1.945490433985504
1937,1.1926706729992773
1938,0.49478188710244186
1939,-0.13454070510827387
1940,-0.6843638009410984
1941,-1.1468554637190356
1942,-1.517557427500984
1943,-1.795519225555733
1944,-1.98328884065047
1945,-2.0867605228219857
1946,-2.1148863395335846
1947,-2.079263668110192
1948,-1.9936159766275092
1949,-1.8731886536839182
1950,-1.7340851564045252
1951,-1.59257120393025
1952,-1.4643760485340596
1953,-1.3640199542988165
1954,-1.3041959000666672
1955,-1.2952312455408097
1956,-1.3446517517882737
1957,-1.4568660692215756
1958,-1.6329837753559717
1959,-1.8707744704528428
1960,-2.164769553351272
1961,-2.506502347089115
1962,-2.8848764718291497
1963,-3.28664701113278
1964,-3.6969943092746167
1965,-4.100166367855016
1966,-4.480162940351914
1967,-4.821432672830451
1968,-5.109554080634672
1969,-5.3318718078319955
1970,-5.47806146125391
1971,-5.540599267588338
1972,-5.51511674733724
1973,-5.400625369670378
1974,-5.199601549109648
1975,-4.9179281443316905
1976,-4.564694580224486
1977,-4.151863588981313
1978,-3.693818110350296
1979,-3.206806874775738
1980,-2.708311408950875
1981,-2.2163604760354274
1982,-1.7488201564260977
1983,-1.3226887982977178
1984,-0.9534258775536404
1985,-0.6543424121458299
1986,-0.4360780338027104
1987,-0.3061862365716783
1988,-0.268844845046754
1989,-0.32470356161563396
1990,-0.4708747767974053
1991,-0.7010678954555882
1992,-1.0058614906940402
1993,-1.373101893308581
1994,-1.7884115946525843
1995,-2.2357863018611015
1996,-2.698255825026038
1997,-3.158581348034386
1998,-3.5999601474180016
1999,-4.006708538372416
2000,-4.36489475578149
