t,dim_1,dim_2
1,0.10003149276399645,0.999961273209025
2,0.19999750010391426,0.9999934074232769
3,0.30003135997218866,1.0000618213379868
4,0.40003129670532767,1.000050136698356
5,0.5000656111415386,1.0000600218353075
6,0.5999951922167371,1.0000399705572536
7,0.7000392217521605,0.9999973471576832
8,0.8000610873978055,0.9999624874022262
9,0.9000729023102372,1.0000042540604996
10,1.0000857370059044,0.9999833249588949
11,1.1000863487807344,0.9999595243439732
12,1.200119547772006,0.9999193557721182
13,1.3001354176273012,0.999917646670787
14,1.4001034838963857,0.9999251601256345
15,1.500136114314495,0.999956842494466
16,1.6001203418178394,1.0000100790511688
17,1.7001184578264728,1.0000506045601931
18,1.800098583675976,1.000035885938489
19,1.9001076781002395,1.0000402792656768
20,2.0000736531574654,1.0000077713755346
21,2.1000905017554743,1.0000004725813674
22,2.2001106562464705,0.9999606941122697
23,2.30012897399351,0.9998940236953257
24,2.4001772949385627,0.9998541079261898
25,2.5001869945947472,0.9998532019782624
26,2.6001279038626204,0.9998887960861398
27,2.700170835616969,0.9999480223544539
28,2.800176580746449,0.9999243009573031
29,2.9002072046847247,0.9999459027447039
30,3.0002031803212494,0.9999329949475
31,3.100199671808171,0.9999034672921773
32,3.2001323319311483,0.9998689983589749
33,3.3001520073825117,0.9998945980047941
34,3.4001364874175963,0.999908623507167
35,3.5001642477913153,0.9998745629077409
36,3.6001393443738667,0.9998943342914494
37,3.7001278846879218,0.9998858375836011
38,3.800077670671015,0.9998698047531556
39,3.90011635446466,0.9998343626158943
40,4.000086767791321,0.9998157916513328
41,4.10010284191921,0.9998120685824862
42,4.200075528464166,0.9997713844348498
43,4.300076356443579,0.9997449341756361
44,4.400118714663276,0.9997477397543598
45,4.500081354742857,0.9998062146114199
46,4.600079163487423,0.9997973180572107
47,4.700028299069044,0.9997993693253384
48,4.800003746974792,0.9998521184308101
49,4.899982285416022,0.9999455502393537
50,4.999997659812786,0.9999531584971295
51,5.099998120037479,1.0000136578871832
52,5.199984366780701,1.0000378311515772
53,5.299961945367658,1.0000819049439622
54,5.399958821773527,1.0000999701381617
55,5.49996237743912,1.0000789044031482
56,5.599979411959583,1.0000820892804658
57,5.699994516832067,1.000076835744303
58,5.7999669069641895,1.0000568869808637
59,5.900060792361103,1.000014051552786
60,6.0000169851564396,1.0000430608409892
61,6.100034049422068,1.000047435538619
62,6.199986214937128,1.000071605170098
63,6.299969952434296,1.000078880372203
64,6.399996108614791,1.0000806450686925
65,6.500042734951857,1.0000790837405942
66,6.600066606365603,1.0001066117617705
67,6.700024690794867,1.0000960084375372
68,6.800005985275449,1.0000650069624895
69,6.900000570395582,1.0000637826284213
70,6.999963577725771,1.0000514148753843
71,7.0999406991809275,1.0000837149045394
72,7.1999330842246,1.0001563414061228
73,7.299964325374187,1.000177163552337
74,7.399898329266372,1.0002078028022008
75,7.499884747726242,1.0002484381662855
76,7.5998596916959,1.00026026901248
77,7.6998202540543215,1.0002591246322483
78,7.7998599629996885,1.0002934636153864
79,7.899897007698046,1.000314821349191
80,7.999915572735085,1.0002891596314205
81,8.100014421085655,1.0003166543231412
82,8.200039370700406,1.0003151499384684
83,8.300035588985303,1.000370114247746
84,8.400084220282418,1.000368448466263
85,8.500128740540038,1.0003375193083548
86,8.600155308225826,1.0003695024910426
87,8.700205352086963,1.0003895086825096
88,8.800278788755456,1.000423868167644
89,8.90029048610695,1.000423972776646
90,9.000322015794975,1.000398642990085
91,9.10029207935046,1.000403496645918
92,9.200285767275222,1.0003877013576878
93,9.300296247999688,1.0003920365473757
94,9.400350188637185,1.0003846326276675
95,9.500434168672127,1.0003751742884028
96,9.600482904272809,1.0003505020304224
97,9.700533323618002,1.0003575002163287
98,9.800590876826156,1.0003607760878428
99,9.900676115925897,1.000383922364322
100,10.000671356388713,1.0004017899736055
101,10.100719322486032,1.0004301655005492
102,10.200764768329948,1.0004167256965009
103,10.30086199115943,1.0003854723518133
104,10.400939311690534,1.000397121552069
105,10.50101227009959,1.0004182924058589
106,10.60108857586909,1.0004211219032948
107,10.701137684921964,1.0004326436788653
108,10.801181318655583,1.0004318520102882
109,10.901205381236498,1.0004125129294197
110,11.001288099752278,1.0004242918176238
111,11.10130409297249,1.00040898851473
112,11.201312343301538,1.0003279970353862
113,11.301292122173527,1.0003419817834471
114,11.401378533338473,1.0002882508061908
115,11.50141190555397,1.0002525246804863
116,11.601411003542882,1.0002493551280316
117,11.701411728717034,1.0003060714543741
118,11.801474636859226,1.0003247972559273
119,11.901544853565861,1.0003973642699961
120,12.00159530467337,1.0003666280155348
121,12.101677687208637,1.0002936946699932
122,12.201679679417833,1.000308783094879
123,12.301720528682168,1.0003008031919138
124,12.401748018174846,1.0003105811952102
125,12.50179793060878,1.000331398890187
126,12.601815884818647,1.0003989603684305
127,12.701874142800886,1.0003960058884198
128,12.801942945757153,1.0003813974668367
129,12.901947818627109,1.0004432884916437
130,13.00198502797395,1.0004122179042667
131,13.101989172971102,1.000435631416269
132,13.202031286978633,1.0004563774353417
133,13.302050641125808,1.0004742324115332
134,13.402101271188418,1.0004467496106741
135,13.502085804215627,1.0004163636226642
136,13.602145319419943,1.0003976194381496
137,13.702163745775147,1.0004226559704028
138,13.802151750317321,1.000431138716109
139,13.902182279981078,1.000413130570239
140,14.002229725373937,1.0004284605914868
141,14.10231892453296,1.0004119199396766
142,14.20234083307788,1.0004317478156282
143,14.302358842967354,1.0004456282991685
144,14.402408147022868,1.0004477993112164
145,14.5024868500142,1.0004810076491555
146,14.602538990741907,1.000468855714
147,14.702572598643387,1.0004384056178952
148,14.802617779184182,1.0004516136742951
149,14.902629305707894,1.0004112423443619
150,15.002664324104057,1.0004033041634774
151,15.102640289389836,1.0004188938781609
152,15.202617136359073,1.0004868667432891
153,15.302700758677576,1.0004639232491688
154,15.402789217002654,1.0004425504205066
155,15.50282287573491,1.0004396143567051
156,15.602831744409096,1.0004668281382267
157,15.70288844705113,1.0003942096852143
158,15.803021204505285,1.0003943299523494
159,15.9030479598989,1.0004228146291032
160,16.003076731214716,1.0004877245967252
161,16.103146818098306,1.0004944827074551
162,16.203147378511463,1.0005083768370375
163,16.303160867338242,1.0005125512812278
164,16.40318557936665,1.0005541795737642
165,16.50330566117533,1.0005621566842895
166,16.603307284127244,1.000539809853742
167,16.70332602837534,1.000510010965905
168,16.803349855599578,1.0005163242902149
169,16.903368764711075,1.000547913469771
170,17.003409938662042,1.0005355863854823
171,17.103455319347894,1.0005437563874966
172,17.20352058998213,1.000499621056215
173,17.30356606171048,1.0005230427458078
174,17.403595397891067,1.0005409245929242
175,17.503644306843817,1.000560554910462
176,17.603675122710147,1.0005479098481416
177,17.70378194797283,1.000519842079408
178,17.80383492797477,1.000478578218037
179,17.903883989938066,1.00044727472128
180,18.00393112972537,1.0003965705091598
181,18.10394482661524,1.0003546463358737
182,18.20398120633867,1.0003407978741548
183,18.30403200901538,1.0003206001198826
184,18.404089915512383,1.0002928172095935
185,18.5041752347185,1.0002815743265194
186,18.604156185123898,1.0003089120494368
187,18.704164804154,1.0002958787133538
188,18.804135513711223,1.0003180439583774
189,18.904125524715678,1.000351800094488
190,19.004098284804982,1.000329593258836
191,19.104176108512505,1.00033299003432
192,19.204188050549543,1.0003498901423478
193,19.304185849780037,1.0003726533382369
194,19.404166416015276,1.000310256076986
195,19.504172422191214,1.000356028314992
196,19.604215282504367,1.0003357568612925
197,19.704225539479147,1.0003004560174946
198,19.80425707614615,1.000325547427286
199,19.904309575697347,1.0003160777609128
200,20.00435875636327,1.000283411932359
201,20.104387213458995,1.0002655204560023
202,20.204459706017232,1.0002002109574808
203,20.30454277119332,1.0002490778291824
204,20.404528138951907,1.0002347353122085
205,20.504520224668166,1.0002615531807584
206,20.604530129614584,1.000286337498457
207,20.704529135238676,1.0002538822922393
208,20.80459299617668,1.000220846642109
209,20.904618307022613,1.000209020584622
210,21.0045985228196,1.0002007930484218
211,21.10463079382478,1.0002005646930743
212,21.20468305686123,1.0002835961733265
213,21.304688964305786,1.0002648501909228
214,21.40471051947756,1.0002494844836465
215,21.50474530968361,1.0002909701936509
216,21.604829814835345,1.000270375648317
217,21.704845177496544,1.0002966804848816
218,21.804880209254428,1.0003420227515816
219,21.904971802039285,1.0003656242611116
220,22.005044204258095,1.0003315571839764
221,22.105067830542847,1.0002802128821766
222,22.205072753651812,1.000291624702981
223,22.305082497363653,1.0003044872986058
224,22.405142533237882,1.0002763456776318
225,22.505142167999193,1.0002692254944001
226,22.60517460275217,1.0002125555948949
227,22.70513245113344,1.000184586723791
228,22.805164130465318,1.000246169726932
229,22.90520174992329,1.000208022654511
230,23.00525600107813,1.000173975719485
231,23.105294201729826,1.0001703199090715
232,23.20535679412858,1.000217060910943
233,23.305440076600362,1.0002391940893907
234,23.405478048007566,1.0002474428635986
235,23.505521626656574,1.0002443463206738
236,23.60558339001502,1.000256611095439
237,23.70563157066854,1.0002208039891194
238,23.80563510477052,1.0002162769775382
239,23.905637396492477,1.0002219503659533
240,24.005584545282932,1.0002670193904286
241,24.10560588480348,1.0002591992806835
242,24.20562359134626,1.00022964769534
243,24.30566647498226,1.000195745916891
244,24.405627905970903,1.0001927452988106
245,24.50561763619356,1.000235676313215
246,24.60564393325214,1.0002554286041243
247,24.705669829881433,1.0002507542711874
248,24.805657977130778,1.0001969267591186
249,24.905638219303764,1.0002079373652921
250,25.00569592228051,1.000204984970954
251,25.105709058410774,1.0002525983113548
252,25.205754883657427,1.0002757909288018
253,25.305796041309204,1.0002356468364522
254,25.40585694991181,1.0002423184191351
255,25.505844300170416,1.0002474954640663
256,25.605834864742352,1.0002620407401528
257,25.705889682142423,1.0002769554985778
258,25.805948035733874,1.0002797121668414
259,25.905970727758987,1.0002871929331472
260,26.005976173327234,1.0002856883419373
261,26.10598212671834,1.0002856091197043
262,26.20603537444698,1.0002591850554245
263,26.30603874503962,1.0002408037104675
264,26.40610478634543,1.0001994527163536
265,26.506139611381776,1.0002177795601273
266,26.606177359570328,1.000274822043653
267,26.706210322791666,1.0003147829351242
268,26.806214021200166,1.0003011649301317
269,26.906244405896068,1.0002490448988763
270,27.006234631081117,1.000283557594311
271,27.106235581160977,1.0002612638400035
272,27.206232623452966,1.0002444880949048
273,27.306230168441,1.0002338004805758
274,27.40625655700194,1.0002436463598534
275,27.506234460233575,1.00026337556998
276,27.60622652814498,1.0002926705721222
277,27.706261723852048,1.0003441383116922
278,27.806281796139086,1.000323810606734
279,27.906309565774922,1.0003745624142002
280,28.006369010271055,1.0003679774290701
281,28.106388180745057,1.0003899204038376
282,28.206414859433593,1.0003908618253183
283,28.30650324837045,1.0004051931554272
284,28.40654766526443,1.000379946884912
285,28.506541530783217,1.000375643515355
286,28.60660278337953,1.0003720242987575
287,28.706690857046937,1.0003389341011468
288,28.806760871209583,1.0003630907587684
289,28.906806277020685,1.0003364911554973
290,29.00685932771607,1.0003255260387367
291,29.106863127235187,1.0003963934598075
292,29.2068713298805,1.0003649007020132
293,29.3069554187535,1.0003885292948616
294,29.40696368255741,1.0003915708054585
295,29.50698839891531,1.0003950960687626
296,29.606972444954092,1.000369508331142
297,29.707001299147297,1.0003982328146481
298,29.807035620936396,1.00036059786639
299,29.907028183637095,1.000337004959736
300,30.007064013779335,1.0003885485949713
301,30.10712365706433,1.0003563396721986
302,30.20717654872455,1.0003824251624698
303,30.307210132543144,1.000340383630429
304,30.407285594928563,1.0003763048210148
305,30.507343897545514,1.0003930769263383
306,30.607408654810623,1.0003840854459758
307,30.707469845635774,1.0004008605021149
308,30.807487115071936,1.0003477624893782
309,30.907481203050533,1.0003039384979866
310,31.007527946343647,1.0003131378243129
311,31.107560324510565,1.000307052704821
312,31.20756145422768,1.0002814015638406
313,31.30755653320591,1.000299180159033
314,31.407630562763046,1.0003043111007077
315,31.507688568926838,1.000316697137847
316,31.60769928611211,1.000305740521738
317,31.707792367279588,1.0003225607519173
318,31.807854364235755,1.0003467220818798
319,31.90793573549318,1.0003522228830422
320,32.00795568225977,1.0003374526227578
321,32.10800443568022,1.0003755344778928
322,32.20811433767916,1.0003441708358283
323,32.30809878175964,1.000375396915756
324,32.40811674041173,1.0004044877269112
325,32.508159996646505,1.0004453625246643
326,32.60816231030042,1.0004443777008967
327,32.70820588322268,1.0003642193659281
328,32.80818228460007,1.0003502852093549
329,32.908256674754114,1.0003382787888953
330,33.00828057420132,1.000334664519104
331,33.10828145992038,1.0003259138320268
332,33.208269205555375,1.0003426653019536
333,33.308301288714574,1.0003047583675209
334,33.408321090507364,1.000302318762883
335,33.50839475184663,1.0002998268541419
336,33.60843223875089,1.0002154526141827
337,33.708394693113654,1.0002157190240437
338,33.80839488629446,1.0002254836252866
339,33.90840355623713,1.000157272062116
340,34.008445492963375,1.0001686705509898
341,34.10849984508511,1.0002048721491807
342,34.20850392257053,1.0002122446143678
343,34.30854574943229,1.0002557189337917
344,34.40856729799169,1.000324736020767
345,34.508570173106776,1.000388165399544
346,34.60859340034958,1.0003336381446608
347,34.70856505778633,1.0002961304388105
348,34.80862521100892,1.000251852367016
349,34.908668670952004,1.0002486301951734
350,35.00872099570697,1.0002577962086547
351,35.10872030012083,1.000279491915616
352,35.20881772344486,1.0003150394843758
353,35.30880805059557,1.0003443232912579
354,35.40886195297681,1.0003360134502404
355,35.508884390686035,1.0003611714244862
356,35.60893845269503,1.0003571171323271
357,35.70900957625662,1.0003279526017363
358,35.80907787026804,1.0003040369413763
359,35.909151773621616,1.0003303068741287
360,36.0092249568097,1.0003452938280595
361,36.10922967999207,1.0003937591240184
362,36.20920982394486,1.0003881158248167
363,36.30918855086551,1.0003723711948973
364,36.4092035892246,1.000357833386776
365,36.50924262009637,1.0003213043677492
366,36.6092272873123,1.0003651680187102
367,36.70925805982756,1.000372670126759
368,36.809305664837304,1.0003854659740012
369,36.909372452402934,1.000347477407941
370,37.00934501379694,1.000344813278796
371,37.109397521603725,1.0003185488585262
372,37.20945527700173,1.0003325664401264
373,37.30946146615429,1.0003092526141386
374,37.40948204922978,1.000340561740263
375,37.50952878225842,1.000383550251709
376,37.60955754220715,1.0003793179323004
377,37.70956196400932,1.0003515206284397
378,37.809608204744535,1.0003525182551476
379,37.909668670468264,1.000333125501061
380,38.00967800658892,1.00035302590495
381,38.109687532277086,1.0003617849770658
382,38.20973984691361,1.0003667344448253
383,38.30982374164592,1.0003789529434641
384,38.409843434572274,1.0003944320084177
385,38.50987992311073,1.0003763555770506
386,38.60994506857097,1.000399442548467
387,38.709926186802086,1.0004168417752608
388,38.809920048882546,1.0004461652895422
389,38.9099049132193,1.0004356665643392
390,39.00994327914183,1.0004004440752858
391,39.110011126343906,1.0003352746044838
392,39.210057922019786,1.0003437267567092
393,39.31009294394773,1.0003306952510957
394,39.41010750404245,1.0003427142400685
395,39.51016457484083,1.0003541204340152
396,39.61020094648822,1.000413881711661
397,39.71019435874356,1.0003997944563745
398,39.81026041971918,1.0004081960190205
399,39.910345104113205,1.0003852254177958
400,40.01037965400122,1.0003650594451496
401,40.110354686923046,1.0003783138371036
402,40.210398455376705,1.0003607836454573
403,40.3104332301629,1.000368919455249
404,40.41045821308489,1.0004058626795478
405,40.51058089379133,1.000391566317777
406,40.61066162147779,1.0003615252401938
407,40.710707192545755,1.0003662072534554
408,40.81073473598312,1.0004025616297374
409,40.9107646922106,1.0004889115089561
410,41.01083160785925,1.000516408467158
411,41.11083773468421,1.000493548429387
412,41.21084055209289,1.0005110692692816
413,41.310892412697335,1.0005627519624194
414,41.410988404836175,1.0005570091119196
415,41.5110601073258,1.0004466942770769
416,41.611106011751154,1.000463850626047
417,41.71115833635936,1.0004970542452396
418,41.811271118179945,1.000500354381653
419,41.91128821455832,1.000513038450147
420,42.01135151681303,1.0005406285694445
421,42.11139151229422,1.0004649111517963
422,42.21141265066738,1.0004578930382362
423,42.31147716040599,1.0004851672317137
424,42.41151252577567,1.0004841197407917
425,42.51153850433111,1.000491770649605
426,42.611573445867776,1.0004557096235864
427,42.711550633964194,1.0004357537870059
428,42.81156517288914,1.0004560984536583
429,42.91160978713825,1.0004731223993775
430,43.01174781513535,1.0005121459813426
431,43.1117362773455,1.0005127168658363
432,43.21177554733828,1.00056836234672
433,43.31180806249955,1.000533671925626
434,43.41188641295138,1.0004935715973056
435,43.51193875085241,1.000511770879824
436,43.61196561871999,1.0005379561536838
437,43.712014670583315,1.0005406027405277
438,43.812077676205085,1.000503819600238
439,43.91213501128173,1.000556033128709
440,44.01214693862303,1.0005722589115902
441,44.112200641221825,1.000601695038259
442,44.212310911020076,1.0005860357221694
443,44.312382911805166,1.0005568714953768
444,44.41245025934392,1.0005523120396334
445,44.51249994366519,1.0005777238275653
446,44.612594092502306,1.0005745118630927
447,44.71268490984855,1.0005558082775732
448,44.81271368583234,1.000554919470677
449,44.91281085776481,1.0005370595951109
450,45.01284771291462,1.000521918829274
451,45.11294510290752,1.0005461978345507
452,45.21294780419611,1.000530287642406
453,45.31297546607439,1.0005611583555667
454,45.413021328411666,1.0005130123955261
455,45.51311502837662,1.0005136350825097
456,45.613198306501616,1.0005043060877936
457,45.71324647584797,1.0004446546759513
458,45.81329325774563,1.0004114820227754
459,45.913348444949015,1.0004261035599875
460,46.01338105427349,1.0004347755026248
461,46.11343504572412,1.0004670983046122
462,46.213502893440115,1.0005231455077952
463,46.31355763537911,1.000519782771398
464,46.41357611696678,1.000552812637776
465,46.51361197335071,1.000560978813773
466,46.61362502390004,1.0005188266330265
467,46.71372744074444,1.000543335608292
468,46.81376524329026,1.0006042540336053
469,46.91384578900161,1.0006633763524546
470,47.01389182329689,1.0006707315976877
471,47.113981073536436,1.000631363186387
472,47.214065329509225,1.0006001234532016
473,47.31419247809627,1.0006317442143486
474,47.41425990340361,1.0006337538371812
475,47.51428387060419,1.000589936131208
476,47.61431315244018,1.000667216341293
477,47.71436410661541,1.0006742735815788
478,47.81438977290754,1.0006102734204492
479,47.914467797208715,1.000603515041296
480,48.01448571806233,1.0005571025997066
481,48.11449348500488,1.0005842729838472
482,48.214547138666134,1.0005968130009693
483,48.31461132499902,1.000541856567213
484,48.41468903684907,1.0005060678263415
485,48.51482269321878,1.0005188538889764
486,48.61489431947915,1.0005251993914557
487,48.714969681246146,1.000534662707607
488,48.8149869085374,1.0005425055421024
489,48.91507292574442,1.000554424258438
490,49.0151098357866,1.0005043043441104
491,49.11517476249076,1.0005028171404213
492,49.21518219772852,1.0005115767136712
493,49.31525641550535,1.0005439259921338
494,49.415306886772726,1.0005142080372735
495,49.5153359360881,1.0005145775014956
496,49.61539861170765,1.0005258712887768
497,49.71545164069765,1.000512291327066
498,49.81553708722381,1.0005074908614304
499,49.915594212149884,1.0004758323413263
500,50.01561881358883,1.0004794862069677
501,50.115681972137,1.0005254937697172
502,50.21573445435521,1.0005467407450457
503,50.31573823492038,1.0005396070158203
504,50.41579689801834,1.0005519974403392
505,50.51579483422393,1.0005515753132042
506,50.615843885451106,1.000550481685686
507,50.71587178973319,1.0005622669282475
508,50.81589918608033,1.0005452235434844
509,50.915926666788664,1.0005323026418604
510,51.01594058134092,1.0005141292464463
511,51.11598744660166,1.0005019040195757
512,51.216027139731814,1.0004831734039867
513,51.316027329932666,1.0004873994469736
514,51.416115756737035,1.0005037172351638
515,51.51617177583154,1.0005731858335185
516,51.61623383307561,1.0005313285989619
517,51.71630274163376,1.0005173771186298
518,51.81632559496575,1.000557295966465
519,51.916351159480556,1.000623841537227
520,52.01648037430444,1.0006583384360692
521,52.116517274932384,1.0007185406169092
522,52.21658460990685,1.0007457539738616
523,52.3166891989264,1.0007443327413843
524,52.416757628336974,1.0007256473455193
525,52.51686352611581,1.0007412223684538
526,52.616963403400405,1.0007298294001115
527,52.71698256564766,1.000661723751419
528,52.81705307099127,1.0006677005544382
529,52.917159510507624,1.0007215305736397
530,53.01719128561879,1.000703816389856
531,53.117265773505366,1.000741403539073
532,53.217355313972035,1.0007128010535489
533,53.31735026242651,1.0007729754206414
534,53.41743000062371,1.0007709330125572
535,53.51749696569179,1.0007520673082488
536,53.6175843461945,1.0007539828288312
537,53.71765077230487,1.000718782972511
538,53.817743005735196,1.0007038452969812
539,53.91783929461064,1.000727802914189
540,54.01787600676725,1.000758983360965
541,54.11799277029823,1.000736170706642
542,54.21804542146803,1.0007455204338975
543,54.318108162244364,1.0007329343810962
544,54.418169208844255,1.0007195137514109
545,54.51829703255636,1.0007503677526768
546,54.61840316916872,1.0007458672548275
547,54.71849397252747,1.0007382765269273
548,54.81851187578991,1.0007834474933952
549,54.918602300549125,1.0008048144895978
550,55.01866206703081,1.0008590755863551
551,55.11872507143829,1.000817903836179
552,55.21875593779105,1.0008105243466465
553,55.31881662223959,1.0007376874532383
554,55.41886090252765,1.0007367171878225
555,55.51895381555998,1.0007837394994987
556,55.61900221394948,1.0008468405205249
557,55.71911937915616,1.0007855812071875
558,55.819246196431344,1.000799063999007
559,55.919350622533095,1.0008304283225897
560,56.019479027933414,1.000818170887059
561,56.11953838839616,1.000755182751325
562,56.21962833698694,1.0007590196008325
563,56.319697510756164,1.0007255493296203
564,56.41977294429082,1.0007542454377834
565,56.51984639901018,1.000729792156007
566,56.619903760559765,1.000718189516337
567,56.71995537822631,1.0007096896617957
568,56.820033917089404,1.000690443442968
569,56.92011707220968,1.0006729585912149
570,57.02018551883635,1.0007087779430466
571,57.12024448133093,1.000714869336672
572,57.220330132072256,1.0007434760449812
573,57.320422487157494,1.0007530968185123
574,57.42051423045611,1.0007581691249572
575,57.520601120223056,1.0007770920116021
576,57.62067639209892,1.000788358141102
577,57.72075531500983,1.0007790624004325
578,57.820780526237805,1.0007843850947151
579,57.920881006599345,1.0007856335789336
580,58.02094905916347,1.000816068579894
581,58.120981456629686,1.0008242522039352
582,58.2210438732151,1.0008352877642777
583,58.321115623046694,1.0008146926481734
584,58.421260646221256,1.0008014690574802
585,58.52133430689252,1.0007759176066129
586,58.62147158907383,1.0008219060093961
587,58.72153686238405,1.0008114777219514
588,58.82170502833924,1.0008641525108315
589,58.921725885111144,1.00084781453493
590,59.0218175298158,1.0008631276546942
591,59.121904112533166,1.0008897411383844
592,59.221949491216314,1.0008918958845758
593,59.32202547249201,1.000913904286309
594,59.422120299335255,1.0008974586638806
595,59.522133815518536,1.0008509822603773
596,59.622185645321466,1.0008495321000126
597,59.722271064155905,1.0008506108838824
598,59.822397769350374,1.000832991126047
599,59.92246433546307,1.0008127588296385
600,60.02249931936337,1.0007595426047067
601,60.12257466479971,1.0007508981591193
602,60.22261971107401,1.000717748294665
603,60.32266208779702,1.0007330073562755
604,60.42274465649869,1.0007686643429903
605,60.522872723357466,1.000794366390951
606,60.622925929235954,1.0007836846240623
607,60.72304034494446,1.0007502832620723
608,60.82315939870169,1.0007451592706929
609,60.92326221647354,1.000773754111341
610,61.0233752234989,1.0007942678907316
611,61.12341380828016,1.0007983498219786
612,61.22353620451805,1.0007855947301518
613,61.32367784690101,1.000819544820108
614,61.42373536549631,1.0008240980878804
615,61.523821964030276,1.0008279680323537
616,61.623939047312085,1.0007927807330372
617,61.724022756628955,1.0007600425697454
618,61.824084597312684,1.000730234520804
619,61.92414864308066,1.000725141029094
620,62.02414959936212,1.0006953174216426
621,62.12423338182042,1.000721526250342
622,62.22436667086781,1.0007587472379595
623,62.32444640370611,1.0007731788236691
624,62.42450817051957,1.0007664843123132
625,62.52463271198029,1.000769611958061
626,62.624669499334246,1.0008030628758322
627,62.724763758182505,1.0007983755800163
628,62.824804115358305,1.000801295424582
629,62.92488820576668,1.0008158360854302
630,63.02500313314378,1.000875467880522
631,63.12504467268335,1.0008121168852944
632,63.22510119286974,1.0007667784048555
633,63.32516787587926,1.0008009203090267
634,63.42530764591982,1.0008464361539715
635,63.52542082086413,1.000807792934858
636,63.62550192945752,1.0007911303566344
637,63.72551950712334,1.0008209433012354
638,63.82564999613359,1.0008172969852889
639,63.92579553420532,1.0008587883776376
640,64.02595925124434,1.0008735822775983
641,64.12606597377304,1.00084569326541
642,64.22612540338183,1.0008470796230438
643,64.32623342890321,1.0008251252029563
644,64.4262709288955,1.0008399137284691
645,64.52631066545806,1.0008083133335908
646,64.6263612831274,1.0007736307736788
647,64.72647241906455,1.0007770410265249
648,64.8265901939256,1.0007562267193806
649,64.92668216099415,1.0007330647881456
650,65.0267856865835,1.0007062654419303
651,65.12688724480694,1.0007186864048687
652,65.22699371350689,1.000730361003023
653,65.32702177614132,1.0007483871009497
654,65.42710913652493,1.0007432801981755
655,65.52715533897874,1.00073371775501
656,65.62729147543529,1.0007190023393644
657,65.72734212074387,1.0007238967440306
658,65.8274391294057,1.0007126720918467
659,65.92742697961708,1.0007426182879213
660,66.02756019230432,1.0007265185793872
661,66.12761610852232,1.0007180965198357
662,66.22770247571496,1.0006730450931889
663,66.32775102545322,1.0006782815623099
664,66.42778828929748,1.000644134019233
665,66.52789517117743,1.0006514961014097
666,66.6279685849717,1.0007432440235244
667,66.72802655668237,1.0007937469135526
668,66.82807318312854,1.0008366464677814
669,66.92820336493673,1.0008029877564326
670,67.02833911890568,1.0008187728045703
671,67.12838953593433,1.0008063775282339
672,67.22842422094847,1.0007745809919024
673,67.32852751222448,1.000805537500282
674,67.42861903238507,1.000824154729812
675,67.52874306027695,1.000813129041829
676,67.6287910688943,1.0008090920036856
677,67.72887176610271,1.0007988588629178
678,67.82893821046179,1.0008257031257333
679,67.92902418459579,1.0008529447285044
680,68.02910206623444,1.0008356681345532
681,68.12919889373386,1.000803894304815
682,68.22925770770016,1.0008214767910277
683,68.32932714631481,1.0007756214687376
684,68.42941416628882,1.0007679551559925
685,68.52952397674501,1.0007384262354224
686,68.6295550296066,1.000778312634706
687,68.72963175731856,1.0007751365965842
688,68.82974188828841,1.0007557401969602
689,68.92976536422219,1.0007267495760748
690,69.02983933046117,1.0007206010731937
691,69.12987458937711,1.000679490013627
692,69.22990042236074,1.0006910354551737
693,69.32996304555715,1.0007206003422517
694,69.43005048255094,1.0006899736809782
695,69.53009280287995,1.000675628405569
696,69.63013896755855,1.0006770231860191
697,69.73020759065056,1.0006861523691157
698,69.83028216925918,1.0006240990166755
699,69.9303874706365,1.0006227952512399
700,70.03044744974723,1.0006284590918924
701,70.13049609722694,1.0006918905031088
702,70.23054275913333,1.0006486068445912
703,70.33061496761484,1.000650683353604
704,70.43060665237805,1.0006034279320493
705,70.53071310092734,1.00054528655205
706,70.63071530882486,1.0005109291026795
707,70.73072445370491,1.0004997833782852
708,70.83079215604336,1.0004448403613913
709,70.9308353701093,1.0004514752983769
710,71.0308898053544,1.0004319924172982
711,71.13086338891186,1.0004645325350852
712,71.23089366895731,1.0004336492282362
713,71.33096655462064,1.0004816982009426
714,71.431026367154,1.00046858470464
715,71.53106455172419,1.0004421776500805
716,71.63111779959942,1.0004199249673558
717,71.73116866935224,1.0004173557671987
718,71.8312370352398,1.0004041005433018
719,71.93129608892434,1.0003790710263614
720,72.03138833068888,1.0003820922650806
721,72.13148409189218,1.0004148092490306
722,72.23155088293186,1.000398555547582
723,72.33160937839556,1.0003673584843369
724,72.43166417502675,1.0003626545840663
725,72.53167613590199,1.000361257858425
726,72.6317230759245,1.000340545569398
727,72.7317377899033,1.0003349610849284
728,72.83179471939458,1.0003716772621178
729,72.93184648306799,1.0003969424601113
730,73.03190122349908,1.0003825631948329
731,73.13199102325544,1.0004008033373468
732,73.23203928148833,1.0003861296211294
733,73.33203125416715,1.0003860794315997
734,73.4320934493294,1.0003894617801972
735,73.53212194632171,1.0003966871342798
736,73.63217429558914,1.0003820335999802
737,73.73223720884602,1.0004094197310813
738,73.8322762774631,1.0004335261878157
739,73.93234729580772,1.0004551275364422
740,74.03240844714941,1.00037512751221
741,74.1324456886433,1.000389096778298
742,74.23252026177664,1.0003433832654747
743,74.33253757891967,1.0003196113832804
744,74.43256106077668,1.0003219648791266
745,74.5325187628294,1.000322805277251
746,74.63258733102327,1.0003419228056962
747,74.73263908609144,1.0003306247056811
748,74.83269960629426,1.000321233587795
749,74.9327478413178,1.0003343388627641
750,75.03272871801491,1.0003220523752945
751,75.13275942590803,1.0003436478137804
752,75.23282123239207,1.000319267234102
753,75.33284072830595,1.0003215083340786
754,75.43290096731573,1.0003457521321013
755,75.53293537911895,1.0003444698058115
756,75.63298004839616,1.0003712230622284
757,75.73304167338105,1.000323347530282
758,75.83309588981079,1.0003012521039698
759,75.93314432330018,1.0003139410273123
760,76.03319740886542,1.0003509409005467
761,76.13323228492904,1.0003445680198275
762,76.23327233150891,1.0003078218450796
763,76.33329685105262,1.0003057600759366
764,76.43334748428796,1.0003459246190425
765,76.53335945747612,1.000380635539951
766,76.6333765329812,1.0003862631247036
767,76.73339479619094,1.0004339215821367
768,76.83344875222681,1.0004668283188531
769,76.93350456700968,1.0004364002373365
770,77.03356855232937,1.000424014673711
771,77.13358303826112,1.0004573500991427
772,77.23356981780509,1.0004499038633092
773,77.33362577600002,1.0004648897230333
774,77.43367382201036,1.000452265964953
775,77.53374013325906,1.0004740469820101
776,77.63381611299259,1.0004611252452145
777,77.73391630596485,1.000496609161495
778,77.83392132792186,1.0005434880891757
779,77.933979121596,1.0005621513940217
780,78.03401346023374,1.0005242155441025
781,78.13409417911707,1.00058891687157
782,78.23416021872316,1.0006122392414398
783,78.3342539176405,1.0005694705841133
784,78.43431683314643,1.000642844193086
785,78.53436069785941,1.0006108672872844
786,78.63441129569077,1.0006079284361589
787,78.73453082001019,1.0006520412190587
788,78.83458323919946,1.0006349489806543
789,78.93465222277032,1.000671863672533
790,79.03467084493647,1.0006917708142329
791,79.13472084448607,1.0006886062020206
792,79.23478899063487,1.0007460487756783
793,79.3349220461456,1.0006763530057359
794,79.43508571516324,1.0007130383422878
795,79.53517280091671,1.00070453237793
796,79.63526398495065,1.0006745605347491
797,79.73533481945462,1.000673504843882
798,79.83540527108214,1.0006279078554439
799,79.9354780273357,1.0006383470893279
800,80.03552357100163,1.00057401793893
801,80.13556079766144,1.0005233361816352
802,80.2356323289641,1.0004582917355194
803,80.33572187554707,1.0004138280412287
804,80.43571299886518,1.0004414309629415
805,80.53574974865822,1.000447614187844
806,80.63578508788638,1.0004784569004928
807,80.73583112905152,1.0004563383459917
808,80.83589758259677,1.0004716333684007
809,80.93597257013869,1.0004896817027724
810,81.03601822456838,1.0004445315831259
811,81.13609261734963,1.0004803238351014
812,81.23613383465603,1.0004667374603882
813,81.33619551431238,1.0004798072009768
814,81.43623261483934,1.0004819584815143
815,81.53628754486604,1.0004748558775536
816,81.63637533349481,1.00050129438315
817,81.7364277980773,1.0005234446216094
818,81.8364664096581,1.0005273239536059
819,81.93658797825313,1.0005253773851803
820,82.03670022587995,1.0004513517276108
821,82.13676561579588,1.000427919531252
822,82.2368105389538,1.0004287451690226
823,82.33685386096936,1.000425523414826
824,82.4369053934701,1.00044653520936
825,82.53696465800348,1.0004482450456778
826,82.63707450593678,1.0004382573890505
827,82.73712044352209,1.0004823167130898
828,82.83714224509977,1.0004501319635923
829,82.93712421384993,1.0005143141627808
830,83.03717953509835,1.0004966365388412
831,83.13723390028895,1.0004545428045772
832,83.2372622364519,1.0004206405301141
833,83.33733939169454,1.000428712434425
834,83.43740971795074,1.0004093961335512
835,83.53745364929141,1.000388614849915
836,83.63747821277396,1.0004110300730114
837,83.73753884470659,1.0004544051650348
838,83.83761160936007,1.0004754309136998
839,83.93764367694418,1.000482835419624
840,84.03769037786492,1.0004964354208348
841,84.13776614134117,1.0004738878669517
842,84.23783201743771,1.000455665818714
843,84.3378526773626,1.0004470817630293
844,84.43783871929504,1.0004270683170429
845,84.53785791636744,1.0004093598972486
846,84.63789195824461,1.0004111495858412
847,84.7379011133701,1.0004251604922958
848,84.83789441870243,1.0004423669983833
849,84.93799616384345,1.0003965219156965
850,85.03804014150023,1.0004222025433944
851,85.13810463572209,1.0003797868538429
852,85.23814541236115,1.0003630497024387
853,85.33821074851971,1.0003221769023347
854,85.43817914434807,1.0003324692887317
855,85.53815259206854,1.0003267737989425
856,85.6381169200831,1.0003485421066658
857,85.7381730901047,1.0003544817045809
858,85.83822483487839,1.0003630505143186
859,85.93826513082746,1.0003169899047846
860,86.03831667476341,1.0002770621304087
861,86.13832257434808,1.0003353269426185
862,86.23832170903428,1.0003403847276362
863,86.3383416849662,1.0002987588327148
864,86.43836635728718,1.0003156864524232
865,86.53836772636433,1.0003354569941203
866,86.63841108141652,1.0003126925439774
867,86.73847133206387,1.0003166063892457
868,86.83850085143315,1.0003101924746636
869,86.93857520328102,1.0003172628249313
870,87.03860060133222,1.0003142618431753
871,87.13856643477757,1.000354230440817
872,87.23846991459573,1.0003532735402927
873,87.33852551671151,1.0003096199571175
874,87.43857276102301,1.000278816774823
875,87.53859870399042,1.0003459052514696
876,87.63867497389637,1.0003342873895793
877,87.73870812777996,1.000321867977495
878,87.83874772203731,1.0003498554845969
879,87.93877863445164,1.000321218824507
880,88.03882108383955,1.0003052967985155
881,88.13881210301234,1.0002858083065993
882,88.2389197931884,1.0002431108036292
883,88.33889946633676,1.0002203090896753
884,88.43893115528093,1.0002263656424024
885,88.53902660742591,1.0001413703568236
886,88.63904159407052,1.0001552602319737
887,88.73911476082905,1.000126074229073
888,88.83914020253444,1.0001063871473352
889,88.93909247491732,1.0001394458965822
890,89.03912553702433,1.0001242477740169
891,89.13912378700692,1.0001958326512614
892,89.23916618725342,1.000241370207571
893,89.33918645214608,1.0002468541424925
894,89.43916527431846,1.0001955953127097
895,89.5392378708122,1.0001998600168904
896,89.63923986408072,1.0002256476383196
897,89.73925852531606,1.0002319267447444
898,89.839298324241,1.0002052151347725
899,89.93931554605246,1.0001794702691857
900,90.03934029005772,1.0001771186915784
901,90.13934252334096,1.0001980792783955
902,90.23933267107698,1.0002095039640269
903,90.33932110724825,1.0002148794065802
904,90.4393666475849,1.0001928311800736
905,90.53936866403596,1.0001475928845345
906,90.63932276048268,1.0001546186145127
907,90.73935503773475,1.000159456055692
908,90.83934262549536,1.0001774000835382
909,90.93931713393667,1.0001669696705118
910,91.0393672758922,1.0001966962238311
911,91.13939099911093,1.0001739795739308
912,91.23941351009289,1.000171813522711
913,91.33938539748118,1.0001466211617507
914,91.43948455443257,1.0001704039854549
915,91.53950353375068,1.0001510471991426
916,91.63953411001255,1.000169025514272
917,91.73954186707248,1.000143733913946
918,91.83958378800428,1.0001303267590285
919,91.93960036338076,1.000163394099864
920,92.03960229831954,1.0001663274615096
921,92.13959758701867,1.0001679873863902
922,92.23965391374426,1.0001356451789516
923,92.33961476893141,1.000180942555676
924,92.43961013084459,1.0001182231485004
925,92.53964511406015,1.0001637952281504
926,92.63962194923312,1.0001344963964987
927,92.73962405453126,1.0001264289741953
928,92.83962499106948,1.0001218380097294
929,92.9396171600718,1.0001345749894204
930,93.03966260199128,1.000109478995252
931,93.13963768673695,1.000078169531698
932,93.23967087566278,1.0000944918801373
933,93.33970898778767,1.0001586608707693
934,93.4397074414222,1.0001390154640273
935,93.5397426096131,1.0001926174515092
936,93.63977654481363,1.0001730172459227
937,93.73980797929941,1.0001381924138935
938,93.83985954329682,1.0000953248197137
939,93.93986057891343,1.0001020683745285
940,94.03983588565933,1.0001370803790661
941,94.13979554182539,1.0001298112089434
942,94.23983985419035,1.000062935434606
943,94.33987975795444,1.0000264483583756
944,94.43990876436271,1.0000203574445217
945,94.53988368772082,0.9999805838388532
946,94.63994801129164,0.9999696282482836
947,94.73995049125072,0.9999300209471453
948,94.83998827923787,0.9999413756189026
949,94.93998057975234,0.9999517594066646
950,95.03999656161342,0.9999062544654951
951,95.13996912224496,0.9999036377204482
952,95.23992213114994,0.9998943674787277
953,95.33991227727763,0.999865741529149
954,95.43992591192372,0.9998279939554199
955,95.53991034520415,0.999826318708804
956,95.6398982135427,0.9998445463955447
957,95.73987469273357,0.9998661569871616
958,95.83989109572906,0.9998468866245191
959,95.93991393878675,0.9998292244883342
960,96.0398274099984,0.9998316693648391
961,96.13984939569532,0.9998300146529364
962,96.23983214369163,0.9998536340155321
963,96.33981580611935,0.9998528856471902
964,96.43984124945194,0.9998913491826396
965,96.53984274454443,0.999953230629873
966,96.63984440840073,0.9999506704284672
967,96.73984592435997,0.9999655815910345
968,96.83988100908088,0.9999541292173526
969,96.93983167031416,0.9999967575703904
970,97.0398156191332,1.0000367969636952
971,97.1398324083721,0.9999902057003571
972,97.2398191726145,0.999948614966309
973,97.33978715758536,0.9999237690130117
974,97.43983000547337,0.9998929642939028
975,97.5398396757638,0.9998927110007994
976,97.63973835455428,0.9998951193769737
977,97.73971033754907,0.9999022785423397
978,97.83969649176034,0.9999358567467445
979,97.93968822785028,0.9999602149523948
980,98.03965903260585,0.9999365718751079
981,98.13963939891953,0.9999381833891412
982,98.23959223893331,0.9999212242803515
983,98.33960173241381,0.9998976572284737
984,98.43962051710186,0.9999083051062817
985,98.5395857767397,0.9998783325898392
986,98.63957825417215,0.9998539451845154
987,98.73957983947412,0.9998162215512691
988,98.83953656809646,0.9998329051208695
989,98.93951790095146,0.9998253536553383
990,99.0395242523931,0.9998028082020934
991,99.13948802557397,0.9997771496253594
992,99.23943474070172,0.9998043799289892
993,99.33946379259693,0.9997871199741757
994,99.43940924095762,0.9997641623248581
995,99.53935410769799,0.999794086397157
996,99.63933314793651,0.999761908337993
997,99.73936310238814,0.9997342617092341
998,99.83936914640445,0.9997825325365214
999,99.9393502286541,0.9997998588788889
1000,100.03935762495396,0.9997776922005952
1001,100.1393962197206,0.9997531174011826
1002,100.23934595225522,0.9997208322323685
1003,100.33930355754791,0.9997333439023964
1004,100.43928166967457,0.9997478274221101
1005,100.53924708153623,0.9997164690560024
1006,100.6391348186249,0.999725652715451
1007,100.7391199292271,0.9997233736397495
1008,100.83905918618589,0.9997692211153995
1009,100.93902583383102,0.9997590592172348
1010,101.03904462873051,0.9997756397069424
1011,101.13898386959924,0.9998038830483544
1012,101.23898055913588,0.9997637102076287
1013,101.33890403426098,0.999753732687347
1014,101.4388612178657,0.9997035937099026
1015,101.53878545932838,0.999738671736303
1016,101.63876545422286,0.9997348736236962
1017,101.73878520738724,0.9998029189808493
1018,101.83875234730566,0.9997674886826862
1019,101.93871009799597,0.9998283258412562
1020,102.03875754488355,0.9998355161908484
1021,102.13866520002061,0.9998170939995288
1022,102.2387086456613,0.9997945151689082
1023,102.33867329588526,0.9998703673899456
1024,102.43864655653694,0.9998657695277886
1025,102.53865735366254,0.9998608569844578
1026,102.63864073287502,0.9998743355806169
1027,102.73860543016421,0.9998660868512956
1028,102.83862004127953,0.9998681782808274
1029,102.93860155173763,0.9998209960619773
1030,103.03856314147659,0.9998165230977364
1031,103.138515588493,0.9998328745026807
1032,103.23848971938416,0.9998039192762928
1033,103.33847102554525,0.9997867278245088
1034,103.4384419289182,0.9997653251637304
1035,103.53847550453382,0.9998099257080793
1036,103.63847768147325,0.9998501081904255
1037,103.7384542689091,0.9998340692372844
1038,103.83846883386417,0.9997813595348415
1039,103.9384743282124,0.9998309798332696
1040,104.0384590721515,0.9997862154891378
1041,104.13845440467901,0.9998003218238627
1042,104.23845223435275,0.9998200659409044
1043,104.33843134021936,0.999784076968727
1044,104.43838329344574,0.9997574711142008
1045,104.53837212564008,0.9997586429455021
1046,104.63832306991054,0.999753079926743
1047,104.73833452053212,0.9997630868466187
1048,104.83833625241873,0.9997196263307532
1049,104.93833546591515,0.9997156401379317
1050,105.03836536348516,0.9997835856782369
1051,105.13834461224096,0.9997833259676181
1052,105.23830526555496,0.9997982461778716
1053,105.33827785960077,0.9997958594332612
1054,105.43817590521665,0.9998263595267392
1055,105.53814196993686,0.9998336835938826
1056,105.63816065905279,0.9997753627737457
1057,105.73816159322735,0.9997529994425259
1058,105.83816029553329,0.9997486506373734
1059,105.93811796923757,0.9997761337890532
1060,106.0380726187292,0.9997440783463374
1061,106.13803230599756,0.9997539023486035
1062,106.2380212009783,0.9997686105635275
1063,106.3380101420772,0.9997273000929695
1064,106.43797909248386,0.9997021865226866
1065,106.53793166456039,0.9996928582374751
1066,106.6378629077796,0.9996076920464398
1067,106.73782354931743,0.999624613024676
1068,106.83781094506872,0.9996284564711128
1069,106.9377287503073,0.9996384338540342
1070,107.03769117005936,0.999660949962264
1071,107.13764537915635,0.9997089528483665
1072,107.23765817804247,0.9996713636012953
1073,107.33764088860713,0.9997031820799284
1074,107.4376235036929,0.999703441912552
1075,107.53758579265221,0.9997113453458402
1076,107.63759047013893,0.9996781465563863
1077,107.7375774548624,0.9997068707158004
1078,107.8375436533574,0.9997166116759272
1079,107.93753659071966,0.9996464127350747
1080,108.03752793044808,0.999654122235544
1081,108.13753219688425,0.9996695095463909
1082,108.23749356818352,0.9996848738524313
1083,108.33747775840769,0.9996903150261712
1084,108.43748384944443,0.999648825046657
1085,108.53744905870285,0.999591259883425
1086,108.63736974258936,0.9995895318831063
1087,108.73732452621128,0.9995804805312077
1088,108.83729734222895,0.9995684377411052
1089,108.93724250393909,0.9995727780107071
1090,109.0372358585595,0.9995760645613309
1091,109.13719860835113,0.9995830260116594
1092,109.23718957731064,0.9996119948862299
1093,109.33715823955957,0.9996326418999374
1094,109.43713591198795,0.9995895573315466
1095,109.53710870188684,0.9995437993090367
1096,109.63701284554189,0.9995376035282383
1097,109.7369881640235,0.999517248334165
1098,109.83697072496733,0.9994727651200921
1099,109.93693294985322,0.9994567420500402
1100,110.03693582776273,0.99941889179728
1101,110.13688295477527,0.9993965180051441
1102,110.23679853701348,0.9994345563522282
1103,110.33673359529814,0.9994153075896829
1104,110.43664345252547,0.9994325079551387
1105,110.5365609612609,0.9994104081892284
1106,110.6365431835228,0.9994014791120613
1107,110.736412801992,0.9993754026928781
1108,110.83633838213966,0.9993761775929341
1109,110.93623888079911,0.9993512667439424
1110,111.03619952303059,0.9993334270150013
1111,111.13609820876395,0.9993305857932977
1112,111.23609132871461,0.9993262155505155
1113,111.33602723064848,0.9993368129605738
1114,111.43592948053822,0.9993430213026534
1115,111.53592653295532,0.9993747190286197
1116,111.63589175381718,0.9993849594609064
1117,111.73587187797409,0.999358258084076
1118,111.8358339182152,0.9993846861864154
1119,111.93574554812133,0.9994030545470374
1120,112.03565743880661,0.9994279302694639
1121,112.13560914769401,0.999464779071131
1122,112.23556137389599,0.9994556760260943
1123,112.33551656757498,0.999390202925767
1124,112.43544856683306,0.9994032214523834
1125,112.53538933278622,0.9993965177577845
1126,112.63532995270099,0.9994149284545899
1127,112.7352373691231,0.9994197509081901
1128,112.83518031238818,0.9993755294074356
1129,112.93512898170427,0.9993749872895433
1130,113.03508596199214,0.999363815493207
1131,113.13507183833829,0.9993927948254793
1132,113.23495666763012,0.9993859753618097
1133,113.3348969311792,0.9994164133502325
1134,113.43482841713252,0.9993806400841639
1135,113.53478663878957,0.9993955607776053
1136,113.63472175897914,0.9993916533875494
1137,113.73459655136615,0.9993679577339123
1138,113.83452905729357,0.9994010050484862
1139,113.93453479130234,0.9993481933742442
1140,114.03449361365438,0.99937421116223
1141,114.13447458732831,0.9993969469289151
1142,114.23441629402342,0.9994028114246399
1143,114.3343331594979,0.999394865392226
1144,114.43428972030694,0.9993633755147211
1145,114.53427785982204,0.9993684815600942
1146,114.63420003888601,0.9993490635640557
1147,114.73419530755284,0.9993952834931635
1148,114.83407274586719,0.9994186111249193
1149,114.93401120650026,0.9994816322783191
1150,115.03398208162555,0.9994983738259265
1151,115.13389705068349,0.9994927063294636
1152,115.23378499683287,0.9994517939278547
1153,115.33371846324808,0.9994885364248203
1154,115.4337300195338,0.9994893793678145
1155,115.53366023340328,0.9996011856639192
1156,115.63364272404299,0.9996789673788615
1157,115.73365522545949,0.9996949588314734
1158,115.83360556133613,0.9997030973366737
1159,115.93356414098528,0.9997172481470894
1160,116.03353009842006,0.9997023907588695
1161,116.13347225732987,0.9996878930023687
1162,116.23339369281436,0.9996746580269494
1163,116.33333386681633,0.9997298918099327
1164,116.43331591096103,0.9997282747311788
1165,116.53323486485432,0.9997088660460485
1166,116.63321616313858,0.9996625358471818
1167,116.73319725319425,0.9996856681194609
1168,116.83317230391158,0.9996808769059945
1169,116.93316158087067,0.9996453555776625
1170,117.03313416083684,0.9996628573314561
1171,117.13313544540769,0.9996708172133643
1172,117.2331293603577,0.9996593296036915
1173,117.33309896005305,0.9996347476114944
1174,117.43308256739464,0.9996868190425982
1175,117.53306395516744,0.999698036500832
1176,117.6329895795486,0.9997104937417316
1177,117.73298117392201,0.9997011412870197
1178,117.83295984354255,0.9997127590603129
1179,117.93298500733204,0.9997035809628894
1180,118.03295343864976,0.9996639891700556
1181,118.1328550326486,0.9997324537433778
1182,118.23282691883766,0.9997346869409971
1183,118.33279863679932,0.9997504591269484
1184,118.43274608880031,0.9997764182791868
1185,118.53274166403699,0.9997658247092785
1186,118.63268003302758,0.9997316622707758
1187,118.73268153309776,0.9997389395042424
1188,118.83263855787874,0.9997513769826848
1189,118.93254783990615,0.9997365027778117
1190,119.03246863808779,0.9997211185161928
1191,119.13237728642943,0.9997313067046353
1192,119.23233669520364,0.9997937352412416
1193,119.33235992377148,0.9997847214104294
1194,119.43238627595426,0.9997839902391118
1195,119.53237339430282,0.9998200683559384
1196,119.63232835542493,0.9998320183081515
1197,119.73236820501222,0.9998573821136664
1198,119.83234981470517,0.999845969283669
1199,119.93230412842955,0.999880076933648
1200,120.03233021103787,0.9998987984933745
1201,120.132298628493,0.9999722630915171
1202,120.23228288207369,1.0000009057788455
1203,120.33227151490374,0.9999810591695057
1204,120.43228051062263,0.9999675522468061
1205,120.53228347023287,0.9999963804866492
1206,120.63227667273519,0.9999979286435342
1207,120.73227997934731,1.000047750521156
1208,120.83227365778255,1.0000298141626598
1209,120.93221387016843,1.0000478126873824
1210,121.03221399859522,1.0000095088648242
1211,121.13224247899458,0.9999585753618667
1212,121.23223062325823,0.9999530900064953
1213,121.33223360047765,0.9999022002395106
1214,121.43220753507224,0.9998955834304883
1215,121.53224830216692,0.9999669684417115
1216,121.63224869102308,0.9999763858783601
1217,121.73225705944878,1.0000134293944178
1218,121.83220184662044,0.9999910937110479
1219,121.93222500988847,0.9999881207219007
1220,122.03223221177599,0.9999534506329492
1221,122.13218982973841,0.9999738971236868
1222,122.23215817387471,0.999991264189715
1223,122.3321850688417,1.0000415487092542
1224,122.43222154041702,0.9999844014874185
1225,122.53223723057287,0.9999088607168944
1226,122.63221829212169,0.9998841931859154
1227,122.7322474627995,0.99989387551285
1228,122.83223868214407,0.9998597667476841
1229,122.93225447365518,0.9998294107704851
1230,123.03226339541938,0.9998247608022517
1231,123.13218087064818,0.9998579704762433
1232,123.23218283821276,0.9998651075602296
1233,123.33217842202075,0.9998930837321149
1234,123.4321701795022,0.9998788510765455
1235,123.53215365573368,0.9998954439908267
1236,123.63204530314289,0.9999072995989157
1237,123.73200478337702,0.999927944191299
1238,123.83199503444068,0.999886603641173
1239,123.93194452651697,0.9998413236696163
1240,124.03193884104724,0.999840323821601
1241,124.13194617563273,0.9998134271496882
1242,124.23189865151834,0.9998150448348632
1243,124.33190174410689,0.9998028465072694
1244,124.43186979312259,0.9997848109711964
1245,124.53184162092627,0.999710339509232
1246,124.63183248242164,0.9997134948963586
1247,124.73180792264543,0.9996795343390882
1248,124.83178614174776,0.9997034756320529
1249,124.93174979424077,0.9997269441089016
1250,125.0317531901541,0.999735470710613
1251,125.13170743448755,0.9997576026628482
1252,125.23165921385777,0.9997617677830309
1253,125.33165893125741,0.9997238629498056
1254,125.43168097505531,0.999714357117013
1255,125.53167895924415,0.9997002732720734
1256,125.63167436151008,0.999736787729193
1257,125.73162709696186,0.9997521532076783
1258,125.83157466661797,0.9996971974533192
1259,125.93149436169027,0.9996702174453159
1260,126.0314628860907,0.9996811609773236
1261,126.13150582733667,0.9997512863212863
1262,126.23143972960733,0.999753180355672
1263,126.3314195907385,0.9997776396063993
1264,126.43145284470012,0.9998383486261591
1265,126.53147752134436,0.9998158390626977
1266,126.63145635953823,0.9997574709192178
1267,126.73144874458785,0.999734360178392
1268,126.83147010353541,0.9997076581221919
1269,126.93146554520455,0.9997504469157792
1270,127.03141523775562,0.9997151352471852
1271,127.1313983956106,0.9996859242516973
1272,127.23135280786533,0.9996323144960686
1273,127.33133388676987,0.9996443363220454
1274,127.43130885643659,0.9996560116684411
1275,127.5312557067842,0.9995655124785937
1276,127.63124722449939,0.999619087834951
1277,127.73122225447577,0.9996327908027087
1278,127.8312298888861,0.9996889758396047
1279,127.93120689673044,0.9997061302273788
1280,128.03119545895134,0.9997031315489296
1281,128.1311393697151,0.9997145824145102
1282,128.2310760151666,0.999656232459754
1283,128.33104701753876,0.9996768856612565
1284,128.43097009803873,0.9997099789528819
1285,128.53096191571996,0.9996760514455675
1286,128.63091538558194,0.9996153898621901
1287,128.73090356305178,0.9996018809768629
1288,128.83084245329601,0.9995904229872503
1289,128.93073125522423,0.9996104607129137
1290,129.03067929415428,0.999624932276783
1291,129.13061069193557,0.9996695356363984
1292,129.23064488713192,0.9996356095891887
1293,129.33060020644788,0.9997222004241564
1294,129.43051412467787,0.9997314522914976
1295,129.53046906443547,0.9997154925428291
1296,129.63042774778617,0.9997133728642879
1297,129.73040166498345,0.9996749053325358
1298,129.83039379804546,0.9997145966661097
1299,129.93037442463387,0.9997002658232599
1300,130.0303569838304,0.9996941792339539
1301,130.13031241142906,0.9997328472738628
1302,130.23032919178524,0.9997382782539269
1303,130.3302974255115,0.9997396190200479
1304,130.4302834555087,0.9997615518885865
1305,130.53024180481574,0.9997208874127107
1306,130.63022078764394,0.9997026613125256
1307,130.73020757982349,0.9996692621495055
1308,130.83020605208003,0.9996443331993088
1309,130.93015866743735,0.9996049190689651
1310,131.03013978927459,0.9996277846488323
1311,131.13013973353645,0.9996278326270518
1312,131.23016293312318,0.9996149374597619
1313,131.33010631197365,0.9996656630381526
1314,131.43008448826268,0.9996890622295072
1315,131.5300730216622,0.9997422386684982
1316,131.63010978524667,0.999746676671085
1317,131.73007016021714,0.9997381271973205
1318,131.83000812557017,0.9997217952892975
1319,131.9299026190899,0.9997011545981165
1320,132.02984446863982,0.9997394670033554
1321,132.12981577054208,0.9996991800623933
1322,132.2298445601628,0.9997002976610226
1323,132.32984564566956,0.9997222493575
1324,132.42977955485853,0.9997043305540063
1325,132.52971652746652,0.9996778595528812
1326,132.6296522402601,0.9996600471179735
1327,132.72965819134936,0.9996030024875476
1328,132.82960328074694,0.9996082003327519
1329,132.9295804617894,0.9995698728124389
1330,133.02956572838,0.9995520210653535
1331,133.1294939404616,0.99957225079356
1332,133.2294595045784,0.9995512032324118
1333,133.32944664670347,0.9995452475291411
1334,133.42937126715373,0.9995593603410281
1335,133.52936497852266,0.9995425187549043
1336,133.62928104345684,0.9995087311769707
1337,133.72924454934218,0.9994918119841208
1338,133.82923570842678,0.9994787516020809
1339,133.92918267440243,0.9994552182846317
1340,134.02902389088214,0.9994530949109012
1341,134.12893341562182,0.999398156480363
1342,134.22888981592712,0.9994072601105727
1343,134.3288590540519,0.9994096970728773
1344,134.42881442277357,0.9994805733647074
1345,134.52875592717888,0.9994616427557779
1346,134.6287322209305,0.9994204605163212
1347,134.72866889653193,0.9993778730420823
1348,134.82860163066186,0.9993866207213543
1349,134.9285901836528,0.9994139632500922
1350,135.02855384963866,0.9993777530077541
1351,135.12852421514026,0.999385483503713
1352,135.22845064307435,0.9993467606694995
1353,135.3283920117984,0.9993850766001589
1354,135.42837197849244,0.9993888516547995
1355,135.52827310145744,0.999356173728271
1356,135.62821809585614,0.9994202768794052
1357,135.72814420750578,0.9994160241394475
1358,135.8280463246996,0.9993982894643542
1359,135.92801339247185,0.999408543574184
1360,136.02796263940678,0.9993990030115948
1361,136.12796290228243,0.9993685764254103
1362,136.22785876833223,0.9993800863144191
1363,136.32777588217516,0.9993873358971131
1364,136.42765969891673,0.9993991100141212
1365,136.5275796519745,0.9993924447230679
1366,136.62750071425816,0.9993774351353294
1367,136.72743294111555,0.9993898991567618
1368,136.8273674225946,0.9994561364486384
1369,136.9273816672771,0.9994388080126135
1370,137.02732342176336,0.999452347565508
1371,137.12728409913086,0.9994830291382254
1372,137.2272571130316,0.9994694045006681
1373,137.3272037599269,0.9994523014033067
1374,137.42719652587076,0.9994362247216534
1375,137.52717476720403,0.9994238345466522
1376,137.62713273409275,0.9994621037720004
1377,137.7270730067592,0.9994699166683845
1378,137.82701446572474,0.9994729923569211
1379,137.92698162632536,0.9994277928081121
1380,138.02689931755,0.9994341671350578
1381,138.12681901075157,0.9994638811193507
1382,138.22677059679526,0.9994483246555713
1383,138.32669800145018,0.9994081750419215
1384,138.4266426466624,0.9993876714447649
1385,138.52656675887948,0.9993715819640681
1386,138.62655898121568,0.9993966505753272
1387,138.72647231623966,0.9993698218054642
1388,138.82641250743566,0.9993687510957883
1389,138.92635010623658,0.9993857503364095
1390,139.02627460651414,0.9993767054294573
1391,139.12622108717454,0.9994262577024323
1392,139.2261502402905,0.9994217459368947
1393,139.32612190968078,0.9994166648216394
1394,139.4260880186569,0.9994728280865158
1395,139.5260346155184,0.9994245361305961
1396,139.62596682414872,0.9993927064797185
1397,139.7258714099689,0.9993394446643359
1398,139.82580017549265,0.9993057977229093
1399,139.9257811458582,0.9993293662054336
1400,140.02572153154432,0.9993006089451015
1401,140.1256357225995,0.999285095016029
1402,140.2255622659001,0.9992614053615396
1403,140.32551318536005,0.9992208170141501
1404,140.4254268576831,0.9992449963845592
1405,140.52535940049336,0.9992352435523141
1406,140.6253070328075,0.9992446516606251
1407,140.72525284277174,0.999199111668625
1408,140.82516703819607,0.9992087630628451
1409,140.9250121479352,0.9991959965285947
1410,141.02494819405075,0.9992217539833702
1411,141.1249146309896,0.999205201443
1412,141.22486267838937,0.9992589723757347
1413,141.32480108979067,0.9993200100063118
1414,141.42480162679095,0.9993382054916131
1415,141.52476662843574,0.9993060383531996
1416,141.6247353055571,0.9994052963782106
1417,141.7246533813999,0.9993648563535702
1418,141.8246055231309,0.9993850166107432
1419,141.92450187759437,0.9994115812951706
1420,142.0244357565905,0.9993492211706366
1421,142.1244131519106,0.999355131835663
1422,142.22431124489802,0.9993028345304868
1423,142.3242867569678,0.9992752201295254
1424,142.42421948237578,0.9992036532753893
1425,142.52408873906518,0.9992141500737841
1426,142.62400276093854,0.9992422398093069
1427,142.72393703340015,0.999205730507749
1428,142.82387022825,0.9992249176419052
1429,142.9237893938883,0.9992256039503483
1430,143.02370719957696,0.9992079994680372
1431,143.12363300541207,0.9991897887983807
1432,143.22355571362982,0.999236857210824
1433,143.32349875349152,0.9992361946460008
1434,143.42345393266842,0.9992310830942144
1435,143.5233962381548,0.9992376747818926
1436,143.62332583714624,0.9992564765635628
1437,143.72323240964175,0.9992911285750381
1438,143.82321933071694,0.9993014330338543
1439,143.92313026768247,0.9992810215783885
1440,144.0230554370811,0.9992844321759368
1441,144.12300139365192,0.9993020997978485
1442,144.22296731251888,0.9993402023425496
1443,144.32284975759254,0.9993695731305171
1444,144.4227448141063,0.9993017194031799
1445,144.52267328050638,0.9993176154173258
1446,144.62259193950302,0.9992319413106728
1447,144.7225085226839,0.9992048849989607
1448,144.82244393146442,0.9991822939462518
1449,144.92238850413966,0.9991989678316526
1450,145.02228220337074,0.9992164306490731
1451,145.1222361469676,0.9992469242747274
1452,145.22209362842895,0.9992736899387576
1453,145.32200484153864,0.9992948384262104
1454,145.42185530735318,0.9992972617978753
1455,145.52176352580108,0.9992571285644369
1456,145.6216733848605,0.999270304734463
1457,145.72160556019395,0.9992478166481275
1458,145.8215322273808,0.9992568338204049
1459,145.92149250342538,0.9992219763737931
1460,146.0214184495745,0.9992023627278679
1461,146.12131811273133,0.9991709779343528
1462,146.22122394352,0.9991736429776535
1463,146.3211088100476,0.9992229658279033
1464,146.42097210625477,0.9992556328022925
1465,146.5208910245191,0.999243666367147
1466,146.62076659006954,0.9991864804619298
1467,146.72069415244772,0.9991947418759195
1468,146.8206293271137,0.9991982392274729
1469,146.92048214611467,0.9992001655191249
1470,147.02037249368925,0.9991946731360205
1471,147.12033218612063,0.9992032259976521
1472,147.2202477035961,0.9992082709064974
1473,147.3201732378091,0.9992020809256015
1474,147.42007984596276,0.9991554211923632
1475,147.51997663668513,0.9991473115486491
1476,147.6199191759318,0.9991395087198349
1477,147.71984307510382,0.9991169434710141
1478,147.81969520763948,0.9991237499388474
1479,147.91959206154502,0.9991344770610397
1480,148.0195601151547,0.9991559397093797
1481,148.1194933722734,0.9991357692273526
1482,148.2194519180581,0.999107685061643
1483,148.3193815361376,0.999125445935369
1484,148.41923517630488,0.9991148676046776
1485,148.51918765897764,0.9991052010847744
1486,148.6191366289239,0.9991095510933629
1487,148.71905970106772,0.9991372837922262
1488,148.81903823125108,0.9991773329765055
1489,148.91888777945482,0.9991503589128933
1490,149.0188056642649,0.9990970230394423
1491,149.1187059722953,0.9990856378116713
1492,149.21859621208944,0.9991393871610539
1493,149.31846956429962,0.9990999283540917
1494,149.41837883389474,0.9991275623856125
1495,149.51834179265754,0.9991366198015309
1496,149.61832393811068,0.9991565303903884
1497,149.71830611839576,0.9992389363515972
1498,149.81818976992102,0.9992656274755336
1499,149.91806453025657,0.9992663248357024
1500,150.01800400003464,0.9992715370574005
1501,150.11793402798946,0.999268671583085
1502,150.21779328197172,0.9992710329348659
1503,150.31770689380883,0.9993233066740365
1504,150.41767302858713,0.9993540065558815
1505,150.51759814075865,0.9993072133904558
1506,150.61755106834354,0.9992576166555991
1507,150.71746661079882,0.9992545748617893
1508,150.8173687416085,0.9992356165719327
1509,150.91734171050487,0.999183285127896
1510,151.01727986590726,0.9992742656248811
1511,151.11724414054132,0.9992428149767535
1512,151.21719473397448,0.9992484305632242
1513,151.31712785286248,0.9992469282554765
1514,151.41703750663487,0.9991463008614998
1515,151.51691352431592,0.9991553381327485
1516,151.61682857286877,0.9991503159047744
1517,151.71672920015544,0.9991283115461809
1518,151.81666073938644,0.9991105244260639
1519,151.91652800906635,0.9990793962717899
1520,152.01646505993287,0.9991264969357267
1521,152.11640585571536,0.9990684868363999
1522,152.2163048985563,0.9991002239790127
1523,152.31617131179522,0.9991307199651365
1524,152.41604119091042,0.9991400957073826
1525,152.51597796941218,0.9991260021200039
1526,152.61590825305402,0.9991100200420259
1527,152.71586857767028,0.99907978100993
1528,152.8157361477057,0.999081188554698
1529,152.91562019275588,0.9991598313489556
1530,153.01555604150727,0.9992214623249428
1531,153.115445242566,0.9992668446936324
1532,153.21538797678176,0.9992723307374568
1533,153.31537653709043,0.9993004484071868
1534,153.41538323213064,0.9993325480544969
1535,153.51536799121226,0.9993690980536616
1536,153.6152734968773,0.9993600935564403
1537,153.7151920818842,0.9993569835055237
1538,153.81512449270284,0.9993313915022597
1539,153.91507359407396,0.999352867185932
1540,154.01497448672566,0.9993841348930814
1541,154.114846004005,0.9993879891228921
1542,154.21473865809367,0.9993705719975995
1543,154.31461531362413,0.9993455248723074
1544,154.41454452327352,0.9993400566444617
1545,154.5144816617609,0.9993576773696857
1546,154.61444186456708,0.9993839767560297
1547,154.71436961384921,0.9994198313279877
1548,154.81429640866435,0.9994364807336672
1549,154.91423584544907,0.9994211959307079
1550,155.01419938659055,0.999384405563799
1551,155.11406090966096,0.9993758109379967
1552,155.21401740458356,0.9993996585635783
1553,155.31391116181462,0.9993695019128734
1554,155.41387326659665,0.9993603421881233
1555,155.51381320221668,0.9993698540623174
1556,155.613795150312,0.9993440266715519
1557,155.71373559758868,0.9993219883886287
1558,155.81357932713456,0.999334459652242
1559,155.9134672470824,0.9992912271675155
1560,156.01341038421978,0.9992987380690053
1561,156.11337572725512,0.9992367270980168
1562,156.21323567407933,0.9992309503066777
1563,156.31315531486356,0.99924284379896
1564,156.41307502203622,0.9993043420411789
1565,156.5129925286644,0.9993128348464166
1566,156.61287211082052,0.9992872328257296
1567,156.71279534871667,0.9993037273440715
1568,156.81274123884918,0.999293663603263
1569,156.9126579055611,0.9992779229146794
1570,157.01259809222765,0.9992890466550791
1571,157.11249364169635,0.9992525464958545
1572,157.21238651416556,0.999281526405417
1573,157.31233958848247,0.9992795552800223
1574,157.41225352459836,0.999320308524011
1575,157.51211723845952,0.9993368667629491
1576,157.61203799230583,0.9993582093941229
1577,157.7119789823249,0.999363430114306
1578,157.81187276865685,0.9993346406729963
1579,157.9117640234973,0.9993321404931989
1580,158.01163905270803,0.9994261939736917
1581,158.11159650930423,0.9994363327318908
1582,158.21158092347142,0.9994605342827722
1583,158.3115263773533,0.9994310229606811
1584,158.4114750897493,0.9994152513392359
1585,158.511416952455,0.9994181707413036
1586,158.61132594850648,0.9994543813082928
1587,158.7112462626942,0.9994657982988291
1588,158.81116285707702,0.9994673433223525
1589,158.91106378323224,0.999467018979489
1590,159.01102366367775,0.9994347388594447
1591,159.1109683726753,0.9994579634899964
1592,159.2109252033514,0.9994651235557634
1593,159.31085792501764,0.9994814100797531
1594,159.41078456858094,0.9994692342728211
1595,159.51072749262718,0.9993907834025547
1596,159.61061405139125,0.9993610492067624
1597,159.71051856888536,0.9993496515103157
1598,159.8104807543003,0.9993213667773782
1599,159.910445614444,0.9993214675976121
1600,160.01039255233377,0.999345161493824
1601,160.1103447249542,0.9994175680114175
1602,160.2102854810259,0.9994098390110447
1603,160.31023349302475,0.9994392633119772
1604,160.41013972453763,0.9994065374872709
1605,160.51004754667287,0.9994257314606138
1606,160.61001686467043,0.9994144504473065
1607,160.7099420217764,0.9994175960958347
1608,160.80983560782636,0.9994444565207686
1609,160.9097895967892,0.9994396568391166
1610,161.00972965335112,0.9994286795838443
1611,161.1096498195872,0.9994409476492795
1612,161.20961877124986,0.9994571595560001
1613,161.30952515262342,0.9994709960483332
1614,161.4094024140307,0.9994492189752828
1615,161.50933151185046,0.9994136711430117
1616,161.60927205723317,0.9993819254468841
1617,161.70917730936844,0.9993087150483484
1618,161.80908724165727,0.999352010121401
1619,161.9090501387595,0.9993579406396671
1620,162.00898375960406,0.9993054579744455
1621,162.10891581004114,0.9992950173008863
1622,162.20885779358093,0.9993132515003048
1623,162.30877506603323,0.9993235427661876
1624,162.4087460258611,0.9993363077676166
1625,162.50874172616244,0.9992824419157715
1626,162.60861937009489,0.9992790934216306
1627,162.70855174640786,0.9993412545328044
1628,162.8085257649455,0.9993519681174625
1629,162.9084597420699,0.9993475372721231
1630,163.00839443119116,0.9993186890236735
1631,163.10837879188404,0.9993305559078554
1632,163.20831883787528,0.9993964662337145
1633,163.3082747218002,0.999384604916473
1634,163.40822434459267,0.9994139699461011
1635,163.50819970589578,0.9993768095470262
1636,163.60812497282856,0.9993451712403635
1637,163.7080214851344,0.9992729505304034
1638,163.80796759006188,0.9993125580107198
1639,163.90787920991534,0.9993254489458012
1640,164.00778145319586,0.999350795450043
1641,164.10771014622102,0.9993674265303789
1642,164.20766220890417,0.9993592472014128
1643,164.3075987790925,0.999366590003529
1644,164.40756898645168,0.9992943846291162
1645,164.5075491738341,0.999340138733017
1646,164.60748763603166,0.9993528936594605
1647,164.70742417237787,0.9994158959757571
1648,164.8073808665785,0.9993815532557625
1649,164.90737213412555,0.999395971432372
1650,165.00734674620705,0.9993812569675026
1651,165.1073020762967,0.9993413474904507
1652,165.20730314795685,0.9993354368326696
1653,165.3072363799828,0.9993247655369734
1654,165.4071247071777,0.9993210676130766
1655,165.507060486658,0.9993303221255981
1656,165.60699631314412,0.9993483494304847
1657,165.70689945082722,0.9993454187926334
1658,165.80683135174056,0.9993580763572967
1659,165.90678590181957,0.9992857033050909
1660,166.00671886597846,0.9993168574095262
1661,166.10656771210392,0.9993068530056377
1662,166.2065031073982,0.9993197923437667
1663,166.30644368714908,0.9993307897102006
1664,166.4063761943659,0.9993466857748706
1665,166.50625754615433,0.9993100884465941
1666,166.60617994502962,0.9993063083548032
1667,166.70608484868103,0.9992373051792967
1668,166.8060089984303,0.9992262041729603
1669,166.90597486961119,0.9992552692007983
1670,167.00593735223111,0.9992451881018893
1671,167.10592392596587,0.9992625330660972
1672,167.20590886045986,0.999251632690568
1673,167.3058037847546,0.9991730110511887
1674,167.40572203345903,0.9991589821529371
1675,167.50562009834616,0.999108734361125
1676,167.60551201432662,0.9990986768298343
1677,167.7054426189534,0.999108182489155
1678,167.80528515893795,0.9991660135532145
1679,167.9051959287017,0.9991548325871045
1680,168.0050805205019,0.9991393154031767
1681,168.10499425869259,0.9991052817704045
1682,168.20495636543356,0.999157251402152
1683,168.30486402963908,0.9991704998550915
1684,168.40477709305273,0.9992011426591452
1685,168.50476637630058,0.9991717534950391
1686,168.60470604968745,0.9991930344706939
1687,168.70463144110508,0.999226532354497
1688,168.80458977675863,0.9991524031015309
1689,168.90445836193493,0.9991352865530132
1690,169.0043481963012,0.999158479295713
1691,169.10435515924817,0.9991310292420182
1692,169.20430745398292,0.9991218643490789
1693,169.30417556863756,0.9991087578388353
1694,169.4041324108126,0.9991232119386124
1695,169.50406957000243,0.999095103595561
1696,169.60399732025684,0.9990606192996415
1697,169.7039124212808,0.9990091448895547
1698,169.80381359696227,0.9990370363344572
1699,169.90372269532568,0.999025227177099
1700,170.0036320220924,0.9989913110467306
1701,170.10348269590693,0.9989747858360403
1702,170.20341540448837,0.9989834542324287
1703,170.3032832859076,0.9989998145819705
1704,170.40315928203302,0.9990140613709434
1705,170.50312512237804,0.9990463256125296
1706,170.60304188945705,0.999000919902832
1707,170.70291917499733,0.9989748987838925
1708,170.8028533154507,0.9989282826760564
1709,170.90276031393063,0.9989465493618556
1710,171.00272493230915,0.9989645613702722
1711,171.1026326877101,0.9989598853016561
1712,171.2025214606914,0.9989596952693943
1713,171.3024550082235,0.9989907533908783
1714,171.40231699236196,0.9989775632495845
1715,171.5022014493767,0.9989870400364158
1716,171.60213620898304,0.9989744166478656
1717,171.70202797210553,0.9990071850520011
1718,171.8019346722508,0.999005690881329
1719,171.9018553126205,0.9990152645258341
1720,172.001733427097,0.9990528316974182
1721,172.10164905273976,0.9990168852077459
1722,172.20159771309775,0.9989398037843628
1723,172.30153181737688,0.9989291704842589
1724,172.40139790648192,0.9988856539039322
1725,172.5012857332415,0.9989330898286679
1726,172.6012282950191,0.9989234597181859
1727,172.70114345317896,0.9989224613004449
1728,172.80106381562436,0.9989397582653265
1729,172.900933631428,0.9989327353314037
1730,173.0008203371473,0.9989268264256106
1731,173.1007499443594,0.9989446116211189
1732,173.200653794954,0.9989434087056386
1733,173.30053493375215,0.9989197483264141
1734,173.40043486040275,0.9988779493271099
1735,173.50032921270605,0.9989069777251476
1736,173.60022425045787,0.9989103960460901
1737,173.7001522018303,0.9989189095374581
1738,173.8000300491103,0.998944437260651
1739,173.89994411821905,0.9989468714676517
1740,173.99987418045808,0.9989659333911827
1741,174.09981536498913,0.9989746108499533
1742,174.19970079223037,0.9990306575509608
1743,174.2995530364046,0.9990197862612741
1744,174.3994249739836,0.999085843991658
1745,174.49928730670007,0.9990910398296388
1746,174.59921258451018,0.9991123120065405
1747,174.69908131615594,0.9991296770415751
1748,174.79893080535228,0.9991283839884884
1749,174.89878347819078,0.9991722780099382
1750,174.99863393681764,0.9992475217538423
1751,175.09846741428515,0.9992797315079552
1752,175.19839590629016,0.9992534347102
1753,175.2982933961866,0.9993093484261876
1754,175.39826697556552,0.9993316567603547
1755,175.49815824444022,0.9993634829976326
1756,175.59806444842351,0.9993967630797211
1757,175.6979127980505,0.9994369880007732
1758,175.79782878632233,0.9994243248085082
1759,175.89775897045237,0.9994193958589388
1760,175.99768088877684,0.9994538830249228
1761,176.09758138021044,0.9994103011474859
1762,176.19760128613157,0.9994295155500049
1763,176.2975059957996,0.9994211539934085
1764,176.39746737990353,0.9993842296721231
1765,176.49748909295363,0.9993490522736977
1766,176.59745829319473,0.9993486859985389
1767,176.69744121287667,0.9993389819728418
1768,176.7973595519296,0.9993012488839184
1769,176.8973521169767,0.9993050132177127
1770,176.99730597172783,0.9992868330024467
1771,177.09721224828246,0.9993064725810972
1772,177.1971499354787,0.9993186790986995
1773,177.2970461705962,0.9992982223923815
1774,177.39695454135716,0.9992484041592125
1775,177.49695099990345,0.9992203115445295
1776,177.596843524031,0.9992371667019236
1777,177.6967280171919,0.9992181049600819
1778,177.7966376853897,0.9992366362285285
1779,177.89659235000497,0.9992260082176254
1780,177.99650592579277,0.9992310813020205
1781,178.09636089623604,0.9992521578383717
1782,178.19623415330307,0.9991979144509837
1783,178.29615228202704,0.9991775172864505
1784,178.39608168183565,0.9991561764232477
1785,178.49601357019836,0.9991094022218491
1786,178.59586688875115,0.9990955118808504
1787,178.69578522548633,0.9990901607893736
1788,178.79565432549546,0.9990981545340127
1789,178.89553683636808,0.9990843139733387
1790,178.9954788463311,0.9991022304558564
1791,179.095391090447,0.9990916043974701
1792,179.1953257229571,0.9990924883575352
1793,179.29523716663147,0.9990698957498724
1794,179.3950855298532,0.9990744745766228
1795,179.49502124677446,0.9991182925472419
1796,179.5949272955522,0.9990563541691623
1797,179.69482566068186,0.9990346739824713
1798,179.79480541244493,0.999056517659791
1799,179.8947088085604,0.9990573771967023
1800,179.994598714722,0.9990347072477187
1801,180.09447166301996,0.9990844832778232
1802,180.19442284779936,0.9989983568625037
1803,180.2943441340403,0.999055183002375
1804,180.39427632646024,0.9990357484231983
1805,180.49416331789325,0.9989903817208997
1806,180.5940229890076,0.9989695962944303
1807,180.69395690993213,0.9989905615585519
1808,180.79382393400243,0.9989642113437271
1809,180.8937289267245,0.9989836196075287
1810,180.99359344632424,0.9989661513649073
1811,181.09349478077922,0.9989577073885585
1812,181.19344814616292,0.9989772062418422
1813,181.2933950850753,0.9989506456341833
1814,181.39326614264948,0.9989486470508996
1815,181.49317132172786,0.9989289167349115
1816,181.59306825425216,0.998942671073435
1817,181.69296267657398,0.998988590533348
1818,181.79284993749187,0.9989884664127501
1819,181.89267739859002,0.9989913665550352
1820,181.9925562143232,0.9989630744235869
1821,182.09246107558457,0.9989232582438382
1822,182.19233634414147,0.9989553747407132
1823,182.2922494276714,0.9989209545797336
1824,182.39222541778477,0.9989052874034241
1825,182.49208719390822,0.9989442132298865
1826,182.5920283748163,0.9989285415818759
1827,182.69190025976707,0.998883608840023
1828,182.79176336267523,0.9988691108151874
1829,182.89164872974428,0.9988762032396366
1830,182.99153246839052,0.9989021700351157
1831,183.09143220518635,0.9989152362460622
1832,183.19131228837136,0.9988490550868969
1833,183.29119385161417,0.9988501873690857
1834,183.39103210164404,0.9987997886707436
1835,183.4908690614588,0.9988171902000369
1836,183.590715405625,0.9988091761327523
1837,183.69059760472427,0.9988670208045604
1838,183.79047224437716,0.9988467081187863
1839,183.89035351775848,0.9988514952477369
1840,183.99026722654853,0.99884605150017
1841,184.09013585995714,0.998855887299805
1842,184.18999765463715,0.9988546307885758
1843,184.28991787763016,0.9988711759521272
1844,184.3898133373612,0.9988991461048932
1845,184.48973284358684,0.9989271030183058
1846,184.5896847118014,0.9989282344856169
1847,184.68956592939014,0.9989488018944707
1848,184.78943049706191,0.9989520273672299
1849,184.8893590150948,0.9989900916871041
1850,184.98923394971888,0.9989879668885429
1851,185.08909467929055,0.9990179038206476
1852,185.18899753800233,0.9990026531005963
1853,185.28893338943416,0.9990254189596819
1854,185.3888695598858,0.9990515891409019
1855,185.48875300137803,0.9990711399717629
1856,185.58866021294492,0.9990438192667987
1857,185.68860151851328,0.9990675100635665
1858,185.7884761420763,0.9990358708766361
1859,185.88847138035788,0.9990342676945528
1860,185.98839968627462,0.9990613466254421
1861,186.08830259944662,0.9990670151665156
1862,186.18819656521237,0.9990689766179213
1863,186.2881001492095,0.9991030308351438
1864,186.38799957276564,0.9990695782298291
1865,186.48789157730766,0.9990739408288833
1866,186.58783726157128,0.999089522976096
1867,186.68774273481472,0.9991121094726574
1868,186.78767904047692,0.9991018579310785
1869,186.88761598128463,0.9991274230840151
1870,186.98757041984314,0.9991125100510263
1871,187.08746991600677,0.9991051103985339
1872,187.18740063910496,0.9991340011882527
1873,187.28731050583102,0.9991427694935519
1874,187.38721930673313,0.9991549351818962
1875,187.4871804743951,0.9991074946249061
1876,187.587090188588,0.9990482486089334
1877,187.68702073841874,0.9990616587241474
1878,187.7869550020399,0.9990026765704645
1879,187.88688505976842,0.9990229726507031
1880,187.98676610550834,0.9989593297403193
1881,188.08663928427382,0.9989555864188994
1882,188.18655921847756,0.998933828723461
1883,188.28641290015463,0.9989364383808802
1884,188.38630202739998,0.9989399741350301
1885,188.4861688459839,0.9989698964723723
1886,188.58606286393186,0.9989642579042117
1887,188.68596935875846,0.9989836768184792
1888,188.78581528931485,0.9989946844026477
1889,188.88565770311143,0.998992853848854
1890,188.98554612891235,0.9990260525791061
1891,189.08543842622205,0.9990183583642016
1892,189.1853137255669,0.9990606983088279
1893,189.2852331214999,0.9990555140072516
1894,189.38511997787796,0.9990851851085631
1895,189.4850285326801,0.9990980096977735
1896,189.58501504488422,0.9990908697701726
1897,189.6849218986275,0.9990805973729497
1898,189.78485065321155,0.9990668836042392
1899,189.88471355311225,0.9991560557753522
1900,189.98462927879612,0.9991722453249533
1901,190.08454194748657,0.9991851620735611
1902,190.18446963502686,0.9991564011463829
1903,190.28438445805332,0.9991408762076387
1904,190.384324835516,0.99918633985334
1905,190.4842735403658,0.9991726634248859
1906,190.58419619342098,0.9991597568067888
1907,190.68404152787735,0.9991489356918826
1908,190.7839649947013,0.9991015213894414
1909,190.88384450757087,0.9991053163857544
1910,190.98380404271288,0.9991333787766358
1911,191.08376016604913,0.9991061395486985
1912,191.1837079907199,0.99915028000678
1913,191.2835905001118,0.9991693462655936
1914,191.38355985766958,0.9992220908884432
1915,191.4835143265056,0.9991809983080207
1916,191.58338952167338,0.9991808525038333
1917,191.68335659486752,0.999236940735253
1918,191.78324459831308,0.9992233164197925
1919,191.88314622928618,0.9991822297419541
1920,191.98303690413343,0.9992108492113829
1921,192.08295820315817,0.9992265760772602
1922,192.18286898673585,0.9992211951881773
1923,192.28273959368425,0.9992281333241627
1924,192.38266291528083,0.999204939089837
1925,192.48256906963493,0.9992176833877422
1926,192.58244816480538,0.9992273502240465
1927,192.68237139862725,0.9992625247984571
1928,192.78233288914691,0.999254987392371
1929,192.88227687785567,0.999265077415113
1930,192.9822011994428,0.9993077524593542
1931,193.08212103597157,0.9992837059943205
1932,193.18202332776337,0.999285761395919
1933,193.28194502263497,0.999281921612804
1934,193.38183646943335,0.9992630293308553
1935,193.48184146742733,0.9992930823612938
1936,193.5817665737167,0.999256762577209
1937,193.68168076982397,0.9992367826683312
1938,193.7816316089703,0.9992046466471729
1939,193.8815987524757,0.9991582087500255
1940,193.98152745478333,0.9991111978931086
1941,194.08145081281825,0.999107930475828
1942,194.18133600250604,0.9991103337581543
1943,194.2812098908962,0.9990418596246806
1944,194.381119119143,0.9991012061482734
1945,194.4809877887234,0.9990925067178604
1946,194.58091589544412,0.9990542750603032
1947,194.68075201111387,0.9990771173347454
1948,194.780611213949,0.9990483996924215
1949,194.88049314012864,0.9990896264392939
1950,194.98039451117313,0.9991171900750276
1951,195.08028619949584,0.999126032214769
1952,195.18018793495855,0.9990942374543837
1953,195.2801037219981,0.9991006065536386
1954,195.3799609341979,0.9990615614949252
1955,195.47987889583183,0.9990354044434013
1956,195.57979501477405,0.999007250792544
1957,195.67967005050104,0.9989626039052105
1958,195.77955619513756,0.9989987085554878
1959,195.87940218722142,0.9989718131485216
1960,195.97931513136047,0.9989622463368856
1961,196.07924651429462,0.9989342089568123
1962,196.1791200477585,0.9989202369891327
1963,196.27902046594747,0.9989534547717732
1964,196.37893136209584,0.9989907040269469
1965,196.47887373127372,0.9990100310633644
1966,196.57876057823097,0.9990180412043593
1967,196.6786614762842,0.998950403899004
1968,196.77857084703547,0.9989215045325903
1969,196.8784531784049,0.9989456862977668
1970,196.97833735230935,0.9989181941747549
1971,197.07825420148308,0.9989496760997609
1972,197.17818761289521,0.9989387156431316
1973,197.27809618421736,0.9989598095912954
1974,197.37797255519516,0.9989415942364231
1975,197.47785531265927,0.9989422831127484
1976,197.57774463463105,0.9989256194700606
1977,197.67770195554388,0.9989524105523359
1978,197.77758891047526,0.9989818355292613
1979,197.87749372978894,0.998984374936503
1980,197.97738784386982,0.9989970136293798
1981,198.07730933589883,0.998977314089064
1982,198.17720650067724,0.9989507536924433
1983,198.2770700485848,0.9989605645655751
1984,198.37696142223868,0.9989395856033788
1985,198.4768290737954,0.9989454717950568
1986,198.5767502041421,0.9989970772796667
1987,198.67664694386482,0.9989711758508905
1988,198.77657944535656,0.9989227101199438
1989,198.87652325200335,0.9989039921638039
1990,198.97639088632192,0.9989140719851917
1991,199.07630100048587,0.9988668191002844
1992,199.17619457235133,0.9988542031486182
1993,199.276060352199,0.9988642016294687
1994,199.37599434868864,0.9988688288833687
1995,199.4758542078632,0.9989255436098207
1996,199.5757334936135,0.9989380835667342
1997,199.67559854055133,0.9988795298940312
1998,199.77545535407967,0.9989034483189642
1999,199.87536510795653,0.9989262218815834
2000,199.97526092868415,0.9988978726985102
