t,mu,var,truth,obs,residual,abs_residual,residual2
1.0,3.621787266552126,0.9985112264509224,0.9983341664682815,0.5972381740072938,-2.6234531000838444,2.6234531000838444,6.882506168339534
2.0,5.360418650572672,1.319463610838281,1.9866933079506122,4.095569390804185,-3.37372534262206,3.37372534262206,11.382022687450336
3.0,4.946530033733778,1.3955550655088278,2.955202066613396,-1.0185555366076788,-1.9913279671203816,1.9913279671203816,3.965387072635792
4.0,4.872284910793358,1.3603401634027703,3.8941834230865053,3.62540365641361,-0.9781014877068523,0.9781014877068523,0.9566825202543578
5.0,5.265263820858774,1.3049274247880676,4.79425538604203,4.496134806575981,-0.4710084348167438,0.4710084348167438,0.22184894566851882
6.0,5.369450559240495,1.2457982695318237,5.646424733950354,8.738769139009026,0.2769741747098591,0.2769741747098591,0.07671469345620754
7.0,7.069873456953054,1.9008693899524436,6.442176872376911,4.32135521669602,-0.6276965845761433,0.6276965845761433,0.39400300228855545
8.0,7.947051278738297,2.3682457427295667,7.173560908995228,4.913353334808146,-0.7734903697430697,0.7734903697430697,0.5982873520852707
9.0,8.05250061515408,2.6289506238759475,7.833269096274834,4.774721957954137,-0.21923151887924686,0.21923151887924686,0.04806245887010157
10.0,8.956753811989525,2.7836424401522866,8.414709848078965,4.10076850275968,-0.5420439639105599,0.5420439639105599,0.2938116588118723
11.0,8.169095912469107,2.859533515895864,8.912073600614354,5.751148573188732,0.7429776881452472,0.7429776881452472,0.5520158450816562
12.0,7.048269278294172,2.9166388512321504,9.320390859672264,4.602325961609499,2.2721215813780917,2.2721215813780917,5.16253648056408
13.0,6.064715374390991,2.94912763089353,9.63558185417193,5.491999974238625,3.570866479780939,3.570866479780939,12.751087416423116
14.0,5.283673105947777,2.9533316347028107,9.854497299884603,12.878379690597091,4.570824193936826,4.570824193936826,20.89243381187823
15.0,3.7239367446274674,3.013192797361525,9.974949866040545,16.440738083242422,6.251013121413077,6.251013121413077,39.07516504407847
16.0,2.3228312040298515,3.0852856830196664,9.99573603041505,15.164347671798172,7.672904826385199,7.672904826385199,58.87346847476529
17.0,2.37056983292107,3.09721221565252,9.916648104524686,11.847314913091012,7.546078271603616,7.546078271603616,56.94329728116821
18.0,2.224818177954891,3.0752276916139487,9.738476308781951,11.468743720913386,7.513658130827061,7.513658130827061,56.4550585069436
19.0,0.6425755988565144,3.109785703074574,9.463000876874144,8.427480906093178,8.82042527801763,8.82042527801763,77.7999020850924
20.0,-1.8946310023810002,3.3731222187539265,9.092974268256818,7.490484256937955,10.987605270637818,10.987605270637818,120.72746958334797
21.0,-3.7769864659629167,3.650437055621455,8.632093666488737,11.934505150284135,12.409080132451654,12.409080132451654,153.98526973360637
22.0,-4.368597996484601,3.8279787404050905,8.084964038195901,4.905297720557877,12.453562034680502,12.453562034680502,155.09120735163557
23.0,-5.110917801158321,3.938174464728252,7.4570521217672,5.73179214489528,12.56796992292552,12.56796992292552,157.9538679835605
24.0,-7.380217925670441,4.158599780928648,6.754631805511506,8.842847932886459,14.134849731181948,14.134849731181948,199.7939769230944
25.0,-7.419689601573018,4.2913841219237066,5.984721441039564,3.5812367143796244,13.404411042612583,13.404411042612583,179.67823539931416
26.0,-6.773717196529368,4.370325616943229,5.155013718214642,3.4909256160537687,11.92873091474401,11.92873091474401,142.29462123636947
27.0,-6.734469972511973,4.401372528030673,4.273798802338298,3.0666870998880054,11.008268774850272,11.008268774850272,121.18198141934351
28.0,-5.3647790482335065,4.444145448044464,3.3498815015590466,1.1980911372041163,8.714660549792553,8.714660549792553,75.94530849811065
29.0,-4.698308294144284,4.461146805399043,2.39249329213982,2.9672580487902254,7.090801586284104,7.090801586284104,50.27946713604916
30.0,-4.505391190038186,4.452143614426745,1.4112000805986722,-0.7810131021188429,5.916591270636857,5.916591270636857,35.00605226377626
31.0,-3.856409726903043,4.433967024403792,0.41580662433290494,-1.2750976352352263,4.272216351235948,4.272216351235948,18.251832551767798
32.0,-2.3087558047894046,4.451534576227689,-0.5837414342758008,-4.797860541757843,1.7250143705136036,1.7250143705136036,2.975674578478444
33.0,-1.0324878082649294,4.476457347585444,-1.5774569414324866,-2.335836455686734,-0.5449691331675572,0.5449691331675572,0.29699135610539873
34.0,0.2854028352609179,4.50836577381867,-2.5554110202683167,-3.57585683478061,-2.840813855529235,2.840813855529235,8.070223361766876
35.0,2.0817053363426115,4.576134080666223,-3.5078322768961985,2.520211200130705,-5.58953761323881,5.58953761323881,31.242930729811413
36.0,3.2417429408416134,4.630319328922022,-4.425204432948525,-0.8622861585512496,-7.666947373790139,7.666947373790139,58.78208203246751
37.0,4.780868938000587,4.694597394811751,-5.298361409084934,1.7862405724160828,-10.07923034708552,10.07923034708552,101.5908843896097
38.0,5.648462926359614,4.735556489674209,-6.1185789094271925,-4.118630783831565,-11.767041835786806,11.767041835786806,138.46327356515692
39.0,5.720030126087477,4.747290799654497,-6.8776615918397415,-4.453986814717545,-12.59769171792722,12.59769171792722,158.70183661993204
40.0,6.383746951976698,4.74608730821428,-7.5680249530792825,-2.5513488526531862,-13.951771905055981,13.951771905055981,194.6519392907094
41.0,6.670720182818051,4.730426395193536,-8.182771110644108,-13.512293805493721,-14.85349129346216,14.85349129346216,220.62620360495617
42.0,8.01661441611231,4.7328882589738805,-8.715757724135882,-9.478303078011535,-16.73237214024819,16.73237214024819,279.97227743975384
43.0,7.824754219856612,4.719747935536322,-9.161659367494549,-13.285165804150566,-16.98641358735116,16.98641358735116,288.53824656054803
44.0,6.671682663817053,4.715780773927894,-9.516020738895161,-11.79048799870904,-16.187703402712216,16.187703402712216,262.0417414541807
45.0,6.222953786308898,4.701264043145315,-9.77530117665097,-7.122143458323302,-15.99825496295987,15.99825496295987,255.9441618598701
46.0,4.784433753580653,4.707284969854375,-9.936910036334645,-7.9882443017949605,-14.721343789915299,14.721343789915299,216.71796298087773
47.0,4.704126058987697,4.697423416770833,-9.999232575641008,-8.396342449409651,-14.703358634628705,14.703358634628705,216.1887551385105
48.0,4.600551887538786,4.677041829550536,-9.961646088358405,-6.269452148891215,-14.562197975897192,14.562197975897192,212.05760988922427
49.0,3.235811746075485,4.6751082062874145,-9.824526126243324,-19.485679014608685,-13.060337872318808,13.060337872318808,170.57242533912498
50.0,1.319975992945596,4.71183257849304,-9.589242746631385,-4.597167051574385,-10.90921873957698,10.90921873957698,119.01105350793756
51.0,-1.2554522856074262,4.8235727300838835,-9.258146823277322,-7.615013707491947,-8.002694537669896,8.002694537669896,64.04311986325159
52.0,-3.165465261138284,4.942295669250893,-8.83454655720153,-9.827746249545017,-5.669081296063247,5.669081296063247,32.13848274137415
53.0,-4.046758146743181,5.025692178925306,-8.322674422239007,-3.708646156703809,-4.275916275495827,4.275916275495827,18.2834599950501
54.0,-5.748694589663996,5.111920644261259,-7.7276448755598715,-3.9124163864082075,-1.9789502858958752,1.9789502858958752,3.916244234047366
55.0,-5.6128062483529595,5.16212805541704,-7.0554032557039195,-6.556193381448627,-1.44259700735096,1.44259700735096,2.081086125617946
56.0,-6.289883761239964,5.191562064878524,-6.3126663787232085,-7.661783004779523,-0.022782617483244394,0.022782617483244394,0.0005190476593878331
57.0,-6.918935356100405,5.205294081768138,-5.506855425976376,0.9943240461416165,1.4120799301240297,1.4120799301240297,1.9939697290590845
58.0,-7.104507204071474,5.203598957763531,-4.646021794137566,-2.7149254988879608,2.4584854099339086,2.4584854099339086,6.044150510857898
59.0,-6.956418666805352,5.190976309239875,-3.7387666483023603,-1.6736613144744426,3.2176520185029913,3.2176520185029913,10.353284512176375
60.0,-7.448771755615713,5.173337881780097,-2.7941549819892586,-4.8095136374520315,4.654616773626454,4.654616773626454,21.665457309324744
61.0,-6.2612957878522195,5.165579912515268,-1.8216250427209502,-3.6541603308651696,4.439670745131269,4.439670745131269,19.71067632517444
62.0,-5.371814113386587,5.1577461090672765,-0.8308940281749639,-1.9138288781456183,4.5409200852116225,4.5409200852116225,20.619955220278328
63.0,-4.036309443554919,5.160974212851491,0.16813900484350602,-1.030217850967579,4.204448448398425,4.204448448398425,17.677386755239926
64.0,-3.70660395604392,5.153660001284228,1.1654920485049365,0.5629451601644028,4.872096004548856,4.872096004548856,23.73731947754093
65.0,-1.8408258314750419,5.176137728289024,2.1511998808781554,4.7038738768885295,3.9920257123531973,3.9920257123531973,15.936269288089052
66.0,-0.36779646319399334,5.204905886936302,3.1154136351337867,4.030451835438308,3.48321009832778,3.48321009832778,12.132752589092622
67.0,0.7928686551969102,5.229217816134084,4.0484992061659835,4.826698605600438,3.255630550969073,3.255630550969073,10.59913028440319
68.0,2.402136851620855,5.2635778995170215,4.94113351138609,3.801280781911868,2.5389966597652345,2.5389966597652345,6.446504038299018
69.0,3.8910605724511766,5.301099378360342,5.784397643882002,6.422769621534778,1.8933370714308255,1.8933370714308255,3.584725266054255
70.0,4.949885356424802,5.32945914997498,6.569865987187891,9.531813992355932,1.6199806307630888,1.6199806307630888,2.624337244047575
71.0,6.236055264349076,5.356557911078035,7.289690401258765,10.89938569924535,1.0536351369096888,1.0536351369096888,1.1101470017306987
72.0,6.751052768514153,5.368943912362369,7.936678638491531,11.030547583449337,1.185625869977378,1.185625869977378,1.4057087035596145
73.0,7.485568551654102,5.373410172147945,8.504366206285649,8.920809092519521,1.0187976546315474,1.0187976546315474,1.0379486610827418
74.0,7.347400459711706,5.367341749773325,8.98708095811627,10.23842428748853,1.6396804984045632,1.6396804984045632,2.688552136848237
75.0,7.432018759213358,5.353761022973401,9.379999767747389,12.502796396524873,1.9479810085340308,1.9479810085340308,3.79463000960926
76.0,6.641961865702433,5.34060012292671,9.679196720314865,13.609973299851996,3.037234854612432,3.037234854612432,9.224795562072602
77.0,5.368036388068825,5.336955038834249,9.881682338770004,9.932472419559161,4.513645950701179,4.513645950701179,20.372999768281147
78.0,4.787732608956749,5.328395554848269,9.98543345374605,9.989856456772673,5.1977008447893,5.1977008447893,27.016094071923405
79.0,3.6626950988067075,5.324666227823526,9.98941341839772,6.063814507409404,6.326718319591013,6.326718319591013,40.027364695448526
80.0,2.668044571555337,5.321908469808678,9.893582466233818,12.337453526776958,7.225537894678482,7.225537894678482,52.20839786743475
81.0,0.672857344471877,5.346901367647086,9.698898108450862,9.530018444767622,9.026040763978985,9.026040763978985,81.46941187301034
82.0,-1.1705199076433725,5.386396718577754,9.407305566797726,6.993308041965132,10.577825474441099,10.577825474441099,111.89039176773505
83.0,-2.0383774764379283,5.412935557685748,9.021718337562932,8.007293962986916,11.06009581400086,11.06009581400086,122.32571941487934
84.0,-3.0161670676092016,5.431776760067146,8.545989080882805,7.905331411492542,11.562156148492006,11.562156148492006,133.6834548021115
85.0,-4.216805242035321,5.4491326424366076,7.984871126234903,14.402302123971943,12.201676368270224,12.201676368270224,148.88090619600405
86.0,-5.4992648969576265,5.46708963823167,7.343970978741133,13.03690464099553,12.84323587569876,12.84323587569876,164.9487077588357
87.0,-6.22248885561588,5.476191290172107,6.62969230082182,6.930967106422037,12.8521811564377,12.8521811564377,165.1785604778923
88.0,-6.715248022545282,5.476672438973052,5.849171928917617,8.429590051184803,12.564419951462899,12.564419951462899,157.86464871671896
89.0,-6.3641809670532545,5.4700636214710014,5.010208564578846,1.2555367151557566,11.3743895316321,11.3743895316321,129.37673721730192
90.0,-6.261312548786929,5.4575751326391195,4.121184852417566,5.566201495832841,10.382497401204496,10.382497401204496,107.79625228601812
91.0,-5.414789553129449,5.446414304748655,3.1909836234935214,4.143547037321383,8.60577317662297,8.60577317662297,74.0593319674834
92.0,-5.653576158344444,5.431211768199567,2.2288991410024592,4.734744177236079,7.882475299346904,7.882475299346904,62.133416844814064
93.0,-4.758189008237895,5.418827895329925,1.244544235070617,-2.0281077886436005,6.002733243308512,6.002733243308512,36.03280639032113
94.0,-3.3781975580519483,5.416844106572375,0.24775425453357763,-1.3839677163705852,3.625951812585526,3.625951812585526,13.147526547192262
95.0,-1.9480973567593178,5.423318506450383,-0.751511204618093,4.330570650351772,1.1965861521412249,1.1965861521412249,1.4318184194961425
96.0,-1.0312417752678225,5.426796645124017,-1.743267812229814,1.5324252198959232,-0.7120260369619915,0.7120260369619915,0.5069810773117993
97.0,-0.44413252389223823,5.424521478319123,-2.717606264109442,4.125807205358419,-2.2734737402172036,2.2734737402172036,5.168682847457201
98.0,0.613121799991924,5.4237435975870145,-3.6647912925192836,-4.894006678226452,-4.277913092511207,4.277913092511207,18.300540427078804
99.0,1.7833843553423656,5.425847523874459,-4.575358937753214,-3.132182786362086,-6.35874329309558,6.35874329309558,40.43361626748803
100.0,3.1253798329773055,5.43310215661891,-5.440211108893697,-8.838114393514516,-8.565590941871003,8.565590941871003,73.36934818346258
101.0,4.195107904035383,5.439343850834898,-6.250706488928834,-8.051274619206435,-10.445814392964216,10.445814392964216,109.11503833225838
102.0,5.7852176703781355,5.45467906012502,-6.998746875935437,-8.607562817679037,-12.783964546313573,12.783964546313573,163.4297495214024
103.0,7.223210754743553,5.473247777817193,-7.676858097635825,-15.240960732222458,-14.900068852379377,14.900068852379377,222.01205180564608
104.0,7.919009880450015,5.483147883118453,-8.278264690856536,-6.514516156199215,-16.19727457130655,16.19727457130655,262.3517035382938
105.0,8.407252800490559,5.485145932334141,-8.7969575997167,-13.877021565867851,-17.20421040020726,17.20421040020726,295.9848554945996
106.0,8.028174637705794,5.4808640911373026,-9.227754216128073,-14.8542602492077,-17.255928853833865,17.255928853833865,297.7670806085761
107.0,6.996701999937833,5.47821101829033,-9.566350162701884,-8.878844004231873,-16.563052162639718,16.563052162639718,274.33469694232423
108.0,5.5108671577361665,5.4843613147376,-9.809362300664915,-7.270333282655908,-15.320229458401082,15.320229458401082,234.7094306580603
109.0,4.826888141651375,5.485324791747171,-9.954362533063774,-15.269853553087117,-14.78125067471515,14.78125067471515,218.48537150876706
110.0,2.7957270291638245,5.506893704927431,-9.999902065507035,-7.878318867046756,-12.79562909467086,12.79562909467086,163.7281239283874
111.0,1.5772959562309077,5.5256894768367,-9.94552588203989,-4.874252350033542,-11.522821838270797,11.522821838270797,132.7754231165304
112.0,0.4028972346148809,5.5417674210397205,-9.791777291513169,-14.205860429966737,-10.19467452612805,10.19467452612805,103.93138869368418
113.0,-0.6552453696590164,5.554194184022715,-9.54019249902089,-9.911574573768988,-8.884947129361873,8.884947129361873,78.94228549155578
114.0,-2.255131083141655,5.5731763862658825,-9.193285256646757,-10.273204709618946,-6.938154173505102,6.938154173505102,48.13798333532626
115.0,-3.5089644538623377,5.590585448705593,-8.754521746884285,-10.238924040643756,-5.245557293021947,5.245557293021947,27.515871314375737
116.0,-4.33491950952025,5.6012814495943575,-8.228285949687079,-3.260735984500612,-3.8933664401668286,3.8933664401668286,15.158302237417324
117.0,-5.401733865676685,5.609904209815387,-7.619835839190321,-8.06851456674289,-2.218101973513636,2.218101973513636,4.919976364905086
118.0,-5.494757808082913,5.610166457273351,-6.935250847771224,-5.560091492620874,-1.4404930396883104,1.4404930396883104,2.0750201973904683
119.0,-5.9118757758659,5.605401492004944,-6.181371122370333,-6.197276957167333,-0.2694953465044332,0.2694953465044332,0.07262774178754451
120.0,-4.952594983935899,5.601477407928546,-5.365729180004349,-1.6029510491620504,-0.4131341960684498,0.4131341960684498,0.17067986396112433
121.0,-3.9170843939534428,5.59906739677275,-4.496474645345999,-9.951732352251355,-0.5793902513925562,0.5793902513925562,0.33569306340872945
122.0,-1.9545564420987467,5.614500003005059,-3.58229282236827,-3.161424386346278,-1.6277363802695235,1.6277363802695235,2.6495257236529306
123.0,-0.0008399530176785411,5.642656917351988,-2.6323179136580093,-0.17451484168063303,-2.6314779606403307,2.6314779606403307,6.924676257335793
124.0,1.734031052326826,5.675209769021312,-1.656041754483094,-2.9245845707997917,-3.39007280680992,3.39007280680992,11.49259363547209
125.0,2.7624630712556155,5.699428101540352,-0.6632189735120069,-0.8197534166067241,-3.4256820447676226,3.4256820447676226,11.73529747184328
126.0,3.2785588601158824,5.712968024746516,0.3362304722113847,2.4417390693986647,-2.9423283879044977,2.9423283879044977,8.65729634226868
127.0,3.629511435007757,5.717893617135568,1.3323204141994396,2.8785174976050136,-2.2971910208083175,2.2971910208083175,5.27708658608236
128.0,3.9606028376899682,5.7164860093644005,2.3150982510153897,-0.4825539991151011,-1.6455045866745786,1.6455045866745786,2.7076853447670755
129.0,4.272895127584497,5.71044018890291,3.27474439137693,-2.019751965198271,-0.9981507362075668,0.9981507362075668,0.9963048921917076
130.0,4.611216981301148,5.7011628222182225,4.201670368266409,-2.1593731005402956,-0.40954661303473827,0.40954661303473827,0.16772842824822565
131.0,3.893595059890022,5.691769969602073,5.0866146437237525,8.038769559846232,1.1930195838337303,1.1930195838337303,1.4232957274108071
132.0,2.9398041492669473,5.684463048656339,5.920735147072245,3.789797900131881,2.9809309978052974,2.9809309978052974,8.885949613676486
133.0,1.3498766454250373,5.687529864225108,6.695697621966024,7.526280835504943,5.3458209765409865,5.3458209765409865,28.577801913225628
134.0,0.6748672665244345,5.686838908196672,7.403758899524487,5.99974699301443,6.728891633000052,6.728891633000052,45.277982608658114
135.0,-1.9078598944919722,5.717996302230633,8.03784426551621,7.01347429472759,9.945704160008182,9.945704160008182,98.91703123840405
136.0,-2.5252290514432096,5.737583434230202,8.591618148564969,13.771922626256604,11.116847200008179,11.116847200008179,123.58429166832968
137.0,-3.2692633947148884,5.749577523484201,9.059547423084627,11.174048997472822,12.328810817799516,12.328810817799516,151.99957618109036
138.0,-4.840658122271227,5.7661737102674495,9.436956694441047,3.788232273916866,14.277614816712275,14.277614816712275,203.85028485440188
139.0,-5.242691595312372,5.773980265525364,9.72007501394976,12.091693041042877,14.962766609262133,14.962766609262133,223.88438460324983
140.0,-6.373297992047537,5.781140830872269,9.906073556948703,11.378473074188447,16.27937154899624,16.27937154899624,265.0179380302683
141.0,-6.825853667283853,5.782306110394745,9.993093887479178,10.757552915173164,16.81894755476303,16.81894755476303,282.8769968498694
142.0,-5.785286764134695,5.7835809795959605,9.980266527163616,9.402097257637555,15.76555329129831,15.76555329129831,248.552670580767
143.0,-5.190293093137584,5.781248632559312,9.867719642746133,13.317394376521847,15.058012735883718,15.058012735883718,226.74374755403625
144.0,-5.410598772135478,5.774786322706982,9.656577765492774,9.283044175022905,15.067176537628251,15.067176537628251,227.01980881605525
145.0,-3.382133659957333,5.7859660498525445,9.34895055524683,9.5507221924638,12.731084215204163,12.731084215204163,162.0805052946206
146.0,-1.4607006785584407,5.8078306478192605,8.947911721405035,12.18935364357911,10.408612399963475,10.408612399963475,108.33921209267342
147.0,0.3993816069900305,5.8363556127686325,8.457468311429334,11.450129893269015,8.058086704439305,8.058086704439305,64.93276133626149
148.0,0.946900086637794,5.853960101890229,7.882520673753163,8.569239985102413,6.935620587115369,6.935620587115369,48.102832928418536
149.0,2.0217138986738323,5.86768997968578,7.22881349511976,6.610278260191163,5.207099596445928,5.207099596445928,27.113886207307342
150.0,3.208875709007711,5.879800012351896,6.502878401571168,-0.48370064169609783,3.294002692563457,3.294002692563457,10.850453738615306
151.0,3.625004720379114,5.884733871567497,5.711968696599872,7.87897492335879,2.086963976220758,2.086963976220758,4.355418638043156
152.0,4.032044468721664,5.884373921350714,4.863986888537982,2.182463171519417,0.8319424198163174,0.8319424198163174,0.6921281898898298
153.0,3.4731035276768467,5.880846870258752,3.967405731306121,2.477393392512151,0.49430220362927413,0.49430220362927413,0.2443346685127564
154.0,3.309237767065101,5.873685341591638,3.0311835674570227,0.28808340215719097,-0.27805419960807853,0.27805419960807853,0.07731413791968918
155.0,2.445605065222078,5.867250531499653,2.064674819377966,-1.4061541148457093,-0.38093024584411195,0.38093024584411195,0.14510785219885558
156.0,1.879930310503045,5.859381829438124,1.077536522994423,5.308702103345644,-0.802393787508622,0.802393787508622,0.6438357902324316
157.0,1.4026700407594288,5.850067284998386,0.07963183785935567,1.721886591761971,-1.3230382029000731,1.3230382029000731,1.750430086333055
158.0,0.15745990903956839,5.8457992853914424,-0.9190685022768164,-4.236867226379668,-1.0765284113163847,1.0765284113163847,1.1589134203713791
159.0,-1.2458298697032673,5.847135671233562,-1.9085858137418938,-2.3054967971972684,-0.6627559440386266,0.6627559440386266,0.43924544135853116
160.0,-2.3942673574125513,5.849569402352938,-2.879033166650653,3.4956925658552533,-0.48476580923810175,0.48476580923810175,0.23499788980627165
161.0,-3.6424377081617734,5.853887002018937,-3.820714171840091,-2.6108366170161865,-0.17827646367831784,0.17827646367831784,0.03178249750164658
162.0,-4.532237871557749,5.856118416246717,-4.724219863984661,-8.302234415037987,-0.19198199242691238,0.19198199242691238,0.036857085416207046
163.0,-4.784035625028698,5.853590515792263,-5.5805227128677934,-10.268672506493743,-0.796487087839095,0.796487087839095,0.6343916810944024
164.0,-4.292242195928202,5.848390235823407,-6.381066823479502,-4.226954864935487,-2.0888246275512996,2.0888246275512996,4.363188324664826
165.0,-4.462493459627741,5.840331786806341,-7.117853423691231,-11.507961992400777,-2.65535996406349,2.65535996406349,7.05093653875126
166.0,-3.155263925486551,5.837558793680844,-7.783520785342985,-6.222116131794785,-4.6282568598564335,4.6282568598564335,21.420761560808135
167.0,-2.545278838737212,5.832806119244434,-8.371417780197469,-6.864103742527659,-5.826138941460257,5.826138941460257,33.94389496519964
168.0,-2.0214410492681942,5.8262070528153345,-8.875670335815046,-7.716400936038037,-6.854229286546852,6.854229286546852,46.98045911255657
169.0,-1.3185074634282996,5.819220728516026,-9.291240127343697,-8.429291620383411,-7.972732663915397,7.972732663915397,63.564466130263504
170.0,-0.15830042739514266,5.815601517013516,-9.613974918795568,-11.154540320761711,-9.455674491400426,9.455674491400426,89.40978008732071
171.0,1.998780419445321,5.828809034888707,-9.840650050816434,-10.874797235918843,-11.839430470261755,11.839430470261755,140.17211386016248
172.0,3.662355449493723,5.8460857508110555,-9.969000660415961,-9.23751744213752,-13.631356109909685,13.631356109909685,185.8138693951721
173.0,5.016970714097975,5.86234349388249,-9.997744310730111,-12.638791232214471,-15.014715024828085,15.014715024828085,225.44166727679826
174.0,6.4966060322115,5.879346622684845,-9.926593804706327,-11.69422930576234,-16.423199836917828,16.423199836917828,269.72149288333776
175.0,7.321188035406663,5.890537939371244,-9.756260054681576,-10.219379910085621,-17.07744809008824,17.07744809008824,291.63923326965846
176.0,6.839988176892121,5.895594003603691,-9.48844497918124,-10.027333993697665,-16.328433156073363,16.328433156073363,266.6177293323559
177.0,5.881858785198329,5.898971879803425,-9.125824497911845,-9.415227663085483,-15.007683283110174,15.007683283110174,225.23055752614457
178.0,5.33846946226541,5.898572345730416,-8.672021794855812,-5.819589554419686,-14.010491257121222,14.010491257121222,196.2938652658702
179.0,4.796844976990646,5.895408625850229,-8.131571116614865,-4.456429817297442,-12.92841609360551,12.92841609360551,167.14394268939793
180.0,3.4424123252471106,5.8964851407542636,-7.509872467716762,-8.3526189327694,-10.952284792963873,10.952284792963873,119.9525421861877
181.0,2.2640115474873337,5.898846516068801,-6.813137655555,-5.706825137170107,-9.077149203042334,9.077149203042334,82.39463765429207
182.0,1.0251153652547647,5.902733920162786,-6.048328224062841,-6.104291100631668,-7.0734435893176055,7.0734435893176055,50.03360421125833
183.0,-0.18234227474268708,5.90742451050504,-5.223085896267316,-0.8551637985733924,-5.040743621524628,5.040743621524628,25.409096257941226
184.0,-1.548596609686797,5.914333503974416,-4.3456562207189355,-2.059531865988672,-2.7970596110321386,2.7970596110321386,7.8235424676672585
185.0,-3.574835474786986,5.931914290402326,-3.4248061846961253,-6.931055847018763,0.15002929009086063,0.15002929009086063,0.02250878788516761
186.0,-4.293623486724069,5.942996601225516,-2.469736617366209,-3.315262022959276,1.8238868693578603,1.8238868693578603,3.3265633122160163
187.0,-5.378655727934453,5.9518688100804855,-1.489990258141988,0.034408934244432254,3.8886654697924654,3.8886654697924654,15.121719135956257
188.0,-5.824131421631841,5.955298254695917,-0.4953564087836742,-2.5149763332046895,5.328775012848166,5.328775012848166,28.395843137554976
189.0,-5.703852266920103,5.954023169051597,0.5042268780681477,4.082201140942155,6.208079144988251,6.208079144988251,38.54024667043806
190.0,-5.235596535277866,5.950090079529657,1.4987720966295235,3.1095427099236597,6.734368631907389,6.734368631907389,45.351720870418205
191.0,-4.0816746524962895,5.948470713612456,2.478342079829598,13.006112559741767,6.560016732325888,6.560016732325888,43.03381952839562
192.0,-2.9368274230543747,5.948465526089358,3.433149288198987,5.858333485884714,6.369976711253361,6.369976711253361,40.57660330191019
193.0,-1.9874726785428956,5.948087525830229,4.353653603728932,3.961713208257365,6.341126282271828,6.341126282271828,40.209882527718534
194.0,-0.5601033500146743,5.951743323608132,5.230657651576994,6.389005531750427,5.790761001591668,5.790761001591668,33.532912977554936
195.0,0.5457503841069363,5.955274195916893,6.0553986971960105,2.733424747489984,5.509648313089074,5.509648313089074,30.35622453392528
196.0,1.9575488967896284,5.961606728690502,6.819636200681356,6.455160541374343,4.862087303891728,4.862087303891728,23.63989295066513
197.0,3.019408701873891,5.966751053806122,7.515734153521506,6.342941054183533,4.496325451647615,4.496325451647615,20.21694256713413
198.0,3.7507109042001074,5.968824359280933,8.136737375071053,6.508186505175122,4.386026470870946,4.386026470870946,19.237228203180646
199.0,4.408071318689227,5.968265879702277,8.676441006416692,8.146437939277217,4.268369687727465,4.268369687727465,18.21897979111066
200.0,4.1798683485023895,5.964399000857271,9.129452507276277,13.48420951237372,4.949584158773887,4.949584158773887,24.49838334478541
201.0,3.6010562957182417,5.959142379502139,9.491245536478946,10.469859861998023,5.890189240760704,5.890189240760704,34.69432929197316
202.0,3.303006705704618,5.951995068949719,9.758205177669764,10.563137503420972,6.455198471965145,6.455198471965145,41.66958731246115
203.0,2.8434366133920106,5.943918588445842,9.92766405835907,10.050272858641433,7.08422744496706,7.08422744496706,50.18627849202452
204.0,2.0207242533570526,5.936837441872616,9.997929001426693,11.073100935614743,7.97720474806964,7.97720474806964,63.63579559262482
205.0,-0.21655655162064422,5.946190791505755,9.968297942787993,14.593838154834653,10.184854494408638,10.184854494408638,103.73126107227584
206.0,-1.18162792062571,5.952842202412102,9.839066946186161,12.508240894924452,11.020694866811871,11.020694866811871,121.45571534737353
207.0,-2.4452853875900518,5.959864297260408,9.611527245021156,15.242613228864952,12.056812632611209,12.056812632611209,145.36673085789323
208.0,-3.586354597991013,5.966108207102584,9.287952340772405,10.876645273858745,12.874306938763418,12.874306938763418,165.74777915349188
209.0,-4.012073840326013,5.967848490533524,8.871575286923495,11.772327635174058,12.883649127249509,12.883649127249509,165.98841483407702
210.0,-5.115250177797821,5.969888304215884,8.36655638536056,12.306375127390927,13.481806563158383,13.481806563158383,181.75910820642045
211.0,-5.996024487516025,5.970612534423974,7.777941618010928,11.0906981231642,13.773966105526952,13.773966105526952,189.72214227620532
212.0,-5.810672095630289,5.967822435413979,7.1116122290598,4.3819087461304385,12.92228432469009,12.92228432469009,166.9854321681312
213.0,-5.773974695627286,5.962353249521014,6.374225961502389,5.9593570957443935,12.148200657129674,12.148200657129674,147.57877920588587
214.0,-4.889051855095684,5.95759379982275,5.573150535176584,6.620410010861205,10.462202390272267,10.462202390272267,109.45767885501874
215.0,-4.333829960880947,5.951750894763302,4.7163900309419615,1.3610290814468695,9.050219991822908,9.050219991822908,81.90648190039104
216.0,-3.6247588122719523,5.9457813119086325,3.8125049165494014,1.9565882879637748,7.437263728821353,7.437263728821353,55.3128917720417
217.0,-2.9011924255733565,5.939798075863648,2.870526513277251,4.1972626678412475,5.771718938850608,5.771718938850608,33.31273950908679
218.0,-2.6684241493619787,5.932250964482985,1.8998667579543773,2.9931104332262484,4.5682909073163565,4.5682909073163565,20.8692818138693
219.0,-1.2239060431973683,5.9303567890471065,0.9102241619984432,0.27928894362257006,2.1341302051958113,2.1341302051958113,4.554511732729115
220.0,0.8314297603150277,5.939837495642239,-0.08851309290403876,2.679657434268145,-0.9199428532190664,0.9199428532190664,0.8462948531888368
221.0,1.7964999433570847,5.946595830035627,-1.0863659542407975,-2.6884159929557576,-2.882865897597882,2.882865897597882,8.310915783532842
222.0,2.110692371874791,5.948608975835317,-2.0733642060676223,-1.4115625332730986,-4.184056577942414,4.184056577942414,17.506329447423184
223.0,2.9228410280218764,5.9489736963685615,-3.0396460881104703,1.0714227831534808,-5.962487116132347,5.962487116132347,35.55125261004423
224.0,2.8957611815891697,5.945990221014698,-3.9755568312143614,-2.3493053968682744,-6.871318012803531,6.871318012803531,47.21501123307827
225.0,3.4648341170474826,5.94160716874173,-4.871745124605095,-8.63623634028277,-8.336579241652577,8.336579241652577,69.49855345235267
226.0,2.203744689629902,5.940303645547613,-5.719256551095638,-1.555465229823172,-7.92300124072554,7.92300124072554,62.77394866053845
227.0,1.304019615409952,5.938732609152798,-6.5096230566624955,-5.284345652322883,-7.813642672072447,7.813642672072447,61.05301180683146
228.0,0.4580269951094489,5.9366677060792465,-7.23494756044245,-7.951212214455905,-7.692974555551899,7.692974555551899,59.18185751236894
229.0,-0.6265124335574482,5.935714388898481,-7.887982859754185,-6.211696407653557,-7.261470426196737,7.261470426196737,52.728952750529814
230.0,-1.620568957150709,5.934976426962452,-8.462204041751706,-7.35623745395125,-6.841635084600997,6.841635084600997,46.807970630843286
231.0,-2.319019250753663,5.93281617777214,-8.951873678196819,-6.606327556005799,-6.632854427443156,6.632854427443156,43.994757855652274
232.0,-3.3580728211365454,5.93148113204783,-9.352099151945403,-8.978143885768713,-5.9940263308088575,5.9940263308088575,35.928351654429896
233.0,-4.122631676729071,5.929199325490341,-9.658881542360705,-9.324715097907339,-5.536249865631634,5.536249865631634,30.650062574706283
234.0,-4.729602477667018,5.9255567437890715,-9.869155581206494,-9.38263008210064,-5.139553103539476,5.139553103539476,26.415006104102257
235.0,-4.660485227487929,5.919803293960763,-9.980820279793964,-10.51521971072251,-5.320335052306034,5.320335052306034,28.30596506879625
236.0,-5.100827412620966,5.913101025986272,-9.992759921366277,-10.533800764401542,-4.891932508745311,4.891932508745311,23.931003670119196
237.0,-4.80967313013657,5.905384488879234,-9.90485520897156,-11.344105105319112,-5.0951820788349895,5.0951820788349895,25.960880416481245
238.0,-4.235116888724411,5.897688967590519,-9.717984457438632,-10.781370695772921,-5.482867568714221,5.482867568714221,30.061836776058197
239.0,-3.4994493543313645,5.890661079091788,-9.434014817545544,-10.642820801914027,-5.934565463214179,5.934565463214179,35.21906723717452
240.0,-2.2200949872460174,5.88745746469298,-9.055783620066238,-7.015274096018792,-6.83568863282022,6.83568863282022,46.72663908486757
241.0,-0.7687159569568117,5.88847505950612,-8.587070026099294,-9.011345295336934,-7.818354069142482,7.818354069142482,61.12666035047681
242.0,0.5086696314120607,5.891131878776495,-8.032557266939527,-1.9210675822747758,-8.541226898351589,8.541226898351589,72.9525569291247
243.0,0.5190097652329271,5.890086946103,-7.397785850778934,-11.438513920288175,-7.9167956160118615,7.9167956160118615,62.67565282570463
244.0,1.6841558000060117,5.890392249669142,-6.689098203780216,-6.013427917513811,-8.373254003786228,8.373254003786228,70.1113826119221
245.0,2.5615047363106336,5.8899305494346565,-5.913575298651244,-6.01677450704598,-8.475080034961877,8.475080034961877,71.82698159900941
246.0,3.64950061384043,5.890137742486892,-5.078965903906221,-4.545735647560995,-8.72846651774665,8.72846651774665,76.18612775142434
247.0,4.3096076113578,5.888625604341062,-4.193609160732281,-8.238901259211886,-8.50321677209008,8.50321677209008,72.30469547315406
248.0,3.813177161410996,5.885307273046409,-3.2663512610472223,-4.7327393247646405,-7.0795284224582185,7.0795284224582185,50.11972268439375
249.0,3.333958449480346,5.880628672826779,-2.306457059273922,2.1483973495997675,-5.640415508754268,5.640415508754268,31.814287111395668
250.0,3.2216863834404026,5.874338133573284,-1.3235175009777302,-4.380946123739691,-4.545203884418132,4.545203884418132,20.65887835092968
251.0,1.8192929041401737,5.87255460571567,-0.32735379330845316,-0.19192574657112285,-2.146646697448627,2.146646697448627,4.608092043667097
252.0,0.9592812096427613,5.870496677284857,0.6720807252547847,-0.6197918695052071,-0.28720048438797663,0.28720048438797663,0.0824841182326884
253.0,0.4233939834424625,5.866942623245319,1.6648000353715924,-0.35424409204806073,1.24140605192913,1.24140605192913,1.5410889857662695
254.0,-0.942879678213648,5.866837588506531,2.6408852138447285,-2.7848921196183136,3.5837648920583765,3.5837648920583765,12.843370801550186
255.0,-3.012672535129862,5.876272558957185,3.590583540221683,0.3997914854047351,6.6032560753515455,6.6032560753515455,43.60299079666709
256.0,-4.091122130786929,5.883666240834456,4.504405942753893,6.01786789124373,8.595528073540823,8.595528073540823,73.88310286302841
257.0,-5.05379678754824,5.88888559462925,5.373221810064748,1.8668697953095097,10.427018597612989,10.427018597612989,108.72271683496714
258.0,-5.7869335103125445,5.891407754782394,6.188350221200393,2.73799097989051,11.975283731512938,11.975283731512938,143.40742045023845
259.0,-6.018448022426934,5.890597557639214,6.941646682522445,9.236768053647822,12.96009470494938,12.96009470494938,167.96405476125696
260.0,-5.868421122722103,5.887269832449404,7.625584504796027,6.9956263357182085,13.494005627518131,13.494005627518131,182.088187875491
261.0,-5.395111088952927,5.882671617763996,8.233330007380816,11.342711309941386,13.628441096333743,13.628441096333743,185.73440671623848
262.0,-4.998193950053105,5.876970817464512,8.758810798108911,4.727906566281701,13.757004748162016,13.757004748162016,189.25517964095226
263.0,-4.2075479475135005,5.871765310755472,9.196776446620198,11.911079891130832,13.404324394133699,13.404324394133699,179.67591246316775
264.0,-2.6863110716171015,5.871603238255843,9.54285094492698,11.236458349412882,12.229162016544082,12.229162016544082,149.5524036268845
265.0,-0.6262674165161143,5.880521816878762,9.79357643103917,8.769415799050114,10.419843847555285,10.419843847555285,108.57314580743572
266.0,0.9973012234839062,5.891595764496249,9.946447738778382,8.010539578316527,8.949146515294476,8.949146515294476,80.08722335220726
267.0,2.0331022955106914,5.899935494955823,9.999937428570206,12.120636945072592,7.966835133059515,7.966835133059515,63.470462037351425
268.0,3.123604796541931,5.906580547937992,9.95351104911559,8.600175222404966,6.829906252573659,6.829906252573659,46.647619418944764
269.0,4.424448794886156,5.913350687467903,9.807632477451522,10.53925591055722,5.383183682565366,5.383183682565366,28.978666560238015
270.0,3.720987288015219,5.91695910706427,9.56375928404503,6.906527464464238,5.8427719960298115,5.8427719960298115,34.13798459759019
271.0,4.284994514050226,5.917772699106484,9.224328169230859,6.267467188821854,4.939333655180633,4.939333655180633,24.39701695720007
272.0,3.8040352995779263,5.91630907622265,8.792730616507226,4.997165674144835,4.9886953169293005,4.9886953169293005,24.887080965152332
273.0,2.7659344889593487,5.915443563099924,8.273279005953786,5.646154082575596,5.507344516994436,5.507344516994436,30.33084362886868
274.0,1.3646970704069685,5.917387439370954,7.6711635263552775,12.139981882805575,6.306466455948309,6.306466455948309,39.77151916000122
275.0,0.21151606849454777,5.919692717839397,6.992400316550977,5.85062180355965,6.78088424805643,6.78088424805643,45.980391185539816
276.0,-1.5419418326923227,5.926925528349482,6.243771354163914,6.214257324394918,7.785713186856237,7.785713186856237,60.6173298279871
277.0,-2.5497276911134854,5.932286428979083,5.4327566923224495,6.045504691312113,7.982484383435935,7.982484383435935,63.72005693179858
278.0,-3.535596521556368,5.93615429442226,4.567459721441928,6.919624339322224,8.103056242998296,8.103056242998296,65.65952047719365
279.0,-4.560062660172311,5.939127714517347,3.6565262028261802,6.522314998577813,8.216588862998492,8.216588862998492,67.51233254355085
280.0,-5.3557933778776725,5.940355078869874,2.7090578830786907,4.8948755046990335,8.064851260956363,8.064851260956363,65.04182586134944
281.0,-5.116589292499422,5.938808582692769,1.734521552458921,-0.15293537791687983,6.8511108449583435,6.8511108449583435,46.93771980990583
282.0,-5.2028042239774095,5.935107186636771,0.7426544558435777,3.3322071194644014,5.945458679820987,5.945458679820987,35.34847891345872
283.0,-3.396661918669815,5.938281733987228,-0.2566329986055949,-2.4426558287611737,3.14002892006422,3.14002892006422,9.859781618839671
284.0,-2.011001885081502,5.942995473171943,-1.2533562609643265,4.7432039041105964,0.7576456241171756,0.7576456241171756,0.5740268917439045
285.0,-1.6048687055500677,5.944321245551362,-2.2375564018679643,-3.4000474370963945,-0.6326876963178967,0.6326876963178967,0.400293721072047
286.0,-1.4327856154709064,5.942819101516545,-3.199399618841981,-0.9744038183897539,-1.7666140033710744,1.7666140033710744,3.1209250369067747
287.0,-0.4873627575073693,5.941445548655121,-4.129275492405434,-9.22894856722754,-3.641912734898064,3.641912734898064,13.263528368612699
288.0,0.8758481068617999,5.942624177467991,-5.017893010205742,-6.532485678051818,-5.893741117067542,5.893741117067542,34.736184355012554
289.0,2.04524145168011,5.944422401881374,-5.8563733997430045,-7.720701304302668,-7.901614851423115,7.901614851423115,62.43551726023033
290.0,3.007165724830396,5.945555376219424,-6.636338842129676,-3.1385018772873026,-9.643504566960072,9.643504566960072,92.99718033297977
291.0,4.7317439798295675,5.951389487268862,-7.349996180487777,-3.1611518122974758,-12.081740160317345,12.081740160317345,145.968445301425
292.0,5.593602160252086,5.955037788408445,-7.990214786596159,-9.367783898594864,-13.583816946848245,13.583816946848245,184.52008284548157
293.0,5.694258067325873,5.95525312973828,-8.550597807770702,-17.15081500961837,-14.244855875096576,14.244855875096576,202.91591890227343
294.0,5.465827348279899,5.953057360954771,-9.025546082101869,-9.946763967761678,-14.491373430381767,14.491373430381767,209.99990389877462
295.0,4.78261231843039,5.950124002469664,-9.410314083429535,-6.1382039147296155,-14.192926401859925,14.192926401859925,201.43915984861252
296.0,4.04151856414739,5.946857697272579,-9.701057337071854,-8.329145442818355,-13.742575901219244,13.742575901219244,188.85839240077192
297.0,2.618982456204812,5.946990148993114,-9.894870832545356,-7.59907872299073,-12.513853288750168,12.513853288750168,156.59652413236338
298.0,1.4815379529983932,5.947809979921676,-9.989818049469495,-9.746785683251483,-11.471356002467887,11.471356002467887,131.59200853535603
299.0,0.22978714736743122,5.94980347473818,-9.984950306638146,-14.054507859999589,-10.214737454005578,10.214737454005578,104.34086125426435
300.0,-0.6744133499100115,5.950823674601348,-9.880316240928618,-7.204315869122386,-9.205902891018606,9.205902891018606,84.74864803886474
301.0,-2.187837991295643,5.954727175331184,-9.676961321338052,0.11863815332130834,-7.489123330042409,7.489123330042409,56.0869682525855
302.0,-3.1271124745435777,5.95731298497457,-9.3769174030028,-9.605395449935877,-6.249804928459222,6.249804928459222,39.060061643793176
303.0,-4.353101093083754,5.960433754458235,-8.983182425573547,-2.9535064782798894,-4.630081332489794,4.630081332489794,21.437653145470463
304.0,-4.33218766701865,5.960326500330731,-8.499690458793262,-9.475450406740682,-4.167502791774612,4.167502791774612,17.368079519449186
305.0,-5.61218487967987,5.961784302547457,-7.931272394572852,-7.5822891321854415,-2.3190875148929813,2.3190875148929813,5.378166901732504
306.0,-5.554288690371043,5.960476621036638,-7.283607678315934,-7.621571170371673,-1.7293189879448914,1.7293189879448914,2.9905441620667434
307.0,-6.074539439967335,5.9577797497886325,-6.5631675617778775,-12.956633197799963,-0.4886281218105424,0.4886281218105424,0.23875744142409824
308.0,-5.242065606905368,5.955070145581705,-5.777150444457318,-1.5338975519905178,-0.5350848375519499,0.5350848375519499,0.2863157833779966
309.0,-4.360775355886677,5.952551773109096,-4.933409949567752,-9.445721992407469,-0.5726345936810748,0.5726345936810748,0.32791037788028965
310.0,-2.9611692670833416,5.952973539488634,-4.0403764532306505,-5.511954333188634,-1.079207186147309,1.079207186147309,1.1646881506319924
311.0,-1.5385338757007128,5.955702843379285,-3.1069728509437224,0.24059840032207092,-1.5684389752430097,1.5684389752430097,2.4600008190613423
312.0,-0.14366033866823488,5.959938367059137,-2.1425254029588423,-5.344575174844062,-1.9988650642906074,1.9988650642906074,3.995461545241494
313.0,1.1243628608219147,5.964482172201662,-1.1566705493723692,-1.7584908999796678,-2.2810334101942837,2.2810334101942837,5.203113418422563
314.0,1.7839930666324642,5.96650911229164,-0.15925862600098248,-1.5456413134305993,-1.9432516926334467,1.9432516926334467,3.7762271409227552
315.0,2.9937212472534642,5.969080557282663,0.8397445569174683,-6.674648314217556,-2.153976690335996,2.153976690335996,4.639615582510811
316.0,3.180142514765985,5.968738932752132,1.83035728980588,4.651815301922847,-1.349785224960105,1.349785224960105,1.8219201535206013
317.0,3.696424745579658,5.9667958216036965,2.80268169769023,1.172011303657963,-0.8937430478894282,0.8937430478894282,0.7987766356506847
318.0,4.0321573390332475,5.963329534028659,3.7470026364946203,12.334152908067875,-0.2851547025386272,0.2851547025386272,0.08131320437989295
319.0,3.6188050026096126,5.958885669664901,4.653884763549586,8.376643839451422,1.0350797609399733,1.0350797609399733,1.0713901115075524
320.0,2.401773667454747,5.956725648396481,5.514266812416906,3.095951656546809,3.1124931449621593,3.1124931449621593,9.687613577436434
321.0,1.844258420113486,5.953570642034415,6.31955213006885,8.487192439610626,4.475293709955364,4.475293709955364,20.02825379036604
322.0,1.1023715699823524,5.950234018156762,7.061694571803344,6.915002403880495,5.959323001820992,5.959323001820992,35.513530640032755
323.0,-0.3477015000490838,5.950291579589321,7.733278895662251,9.948105642020353,8.080980395711336,8.080980395711336,65.30224415587094
324.0,-1.4324760157727674,5.950733561795923,8.327594853077798,10.625556830774595,9.760070868850566,9.760070868850566,95.25898336498544
325.0,-2.0968289050185804,5.949801429267118,8.838704235458307,11.574245906932198,10.935533140476888,10.935533140476888,119.58588506646832
326.0,-3.6525347399969195,5.952320237358064,9.261500206805286,11.542784904817967,12.914034946802206,12.914034946802206,166.77229860722863
327.0,-4.581299566260961,5.95386413713769,9.591758329530805,4.2094876080727595,14.173057895791766,14.173057895791766,200.87557011746532
328.0,-4.275604811509514,5.952979138598962,9.82617877364141,12.256259219724742,14.101783585150923,14.101783585150923,198.860300282432
329.0,-4.255211518180052,5.95011084611387,9.962419287548636,8.416183418662385,14.217630805728689,14.217630805728689,202.14102572800542
330.0,-4.26535517913616,5.945794659905353,9.999118601072672,8.494322832242963,14.264473780208831,14.264473780208831,203.47521222626523
331.0,-3.551536639996491,5.9415462966176,9.935910026803949,10.274717308657905,13.487446666800441,13.487446666800441,181.91121758978633
332.0,-3.3750461689725952,5.936302555410451,9.773425123922587,13.714467535360765,13.148471292895183,13.148471292895183,172.8822973400887
333.0,-1.9935060395698685,5.934458481123089,9.513287387867805,2.9822932183310007,11.506793427437675,11.506793427437675,132.40629498172288
334.0,-0.49051867798699683,5.935872997699388,9.15809602890819,13.0396980409253,9.648614706895186,9.648614706895186,93.09576576211408
335.0,1.3924051997094713,5.942516447439829,8.711400001691764,9.781622449003692,7.318994801982293,7.318994801982293,53.56768491144383
336.0,2.6599055572653696,5.948729346126228,8.177662545264418,3.8060790630048187,5.517756987999048,5.517756987999048,30.445642178612328
337.0,3.644203029067083,5.953232392866878,7.56221658786063,6.085955191700371,3.9180135587935467,3.9180135587935467,15.350830246890073
