1.0	4.091483996811194	0.9985130263367368	0.9983341664682815	0.5972381740072938	-3.093149830342912	3.093149830342912	9.567575872950385
2.0	3.771388262626048	0.6259696277069339	1.9866933079506122	4.095569390804185	-1.7846949546754358	1.7846949546754358	3.185136081243956
3.0	4.246646790218119	0.559726625067921	2.955202066613396	-1.0185555366076788	-1.2914447236047226	1.2914447236047226	1.6678294741264783
4.0	4.296037909205706	0.5285625789395231	3.8941834230865053	3.62540365641361	-0.40185448611920105	0.40185448611920105	0.16148702801412715
5.0	4.6155459378056545	0.5082904026145316	4.79425538604203	4.496134806575981	0.17870944823637558	0.17870944823637558	0.0319370668889498
6.0	5.375212786125884	0.49931227874877115	5.646424733950354	8.738769139009026	0.27121194782447056	0.27121194782447056	0.07355592064274334
7.0	5.454198397056292	0.4852961163071184	6.442176872376911	4.32135521669602	0.9879784753206193	0.9879784753206193	0.9761014676968556
8.0	6.888481122811848	1.2913920643398116	7.173560908995228	4.913353334808146	0.28507978618337937	0.28507978618337937	0.0812704844903613
9.0	7.763995328187834	1.8868319626586518	7.833269096274834	4.774721957954137	0.06927376808700014	0.06927376808700014	0.0047988549449714795
10.0	7.912566990717702	2.240395267695936	8.414709848078965	4.10076850275968	0.5021428573612639	0.5021428573612639	0.25214744919893456
11.0	8.886658786971068	2.4555889574912286	8.912073600614354	5.751148573188732	0.025414813643285683	0.025414813643285683	0.0006459127525229401
12.0	8.075875705100344	2.5675219224961316	9.320390859672264	4.602325961609499	1.2445151545719195	1.2445151545719195	1.5488179699591687
13.0	6.914718159101614	2.645878380183954	9.63558185417193	5.491999974238625	2.7208636950703156	2.7208636950703156	7.403099247151691
14.0	5.906843938974738	2.6909518807454886	9.854497299884603	12.878379690597091	3.9476533609098645	3.9476533609098645	15.58396705790295
15.0	5.120178619762388	2.7032128086676104	9.974949866040545	16.440738083242422	4.8547712462781565	4.8547712462781565	23.568803853689165
16.0	3.5054314159120947	2.7681863470060497	9.99573603041505	15.164347671798172	6.490304614502956	6.490304614502956	42.124053989038366
17.0	2.069200919485409	2.8416778788526402	9.916648104524686	11.847314913091012	7.847447185039277	7.847447185039277	61.58242732198087
18.0	2.1849448968637764	2.8557777861348055	9.738476308781951	11.468743720913386	7.553531411918176	7.553531411918176	57.05583679083459
19.0	2.0795984769970053	2.836996798158803	9.463000876874144	8.427480906093178	7.383402399877139	7.383402399877139	54.51463099851149
20.0	0.4417504870997141	2.8751332557824276	9.092974268256818	7.490484256937955	8.651223781157103	8.651223781157103	74.8436729116582
21.0	-2.188618053850987	3.1446619748927542	8.632093666488737	11.934505150284135	10.820711720339725	10.820711720339725	117.08780213469748
22.0	-4.123307922125387	3.422037631656751	8.084964038195901	4.905297720557877	12.208271960321287	12.208271960321287	149.04190425716698
23.0	-4.684123883057472	3.595066877928911	7.4570521217672	5.73179214489528	12.141176004824672	12.141176004824672	147.4081547801304
24.0	-5.407982247640522	3.6990588611714705	6.754631805511506	8.842847932886459	12.162614053152028	12.162614053152028	147.9291806059312
25.0	-7.75295738739586	3.916318872372347	5.984721441039564	3.5812367143796244	13.737678828435424	13.737678828435424	188.7238195932429
26.0	-7.728503286916945	4.044773646269023	5.155013718214642	3.4909256160537687	12.883517005131587	12.883517005131587	165.98501042151477
27.0	-6.9934401486757	4.122296297441797	4.273798802338298	3.0666870998880054	11.267238951013997	11.267238951013997	126.950673579247
28.0	-6.910663218467866	4.152573946362659	3.3498815015590466	1.1980911372041163	10.260544720026912	10.260544720026912	105.27877795167214
29.0	-5.448374028744425	4.199434753495283	2.39249329213982	2.9672580487902254	7.840867320884245	7.840867320884245	61.479200343710474
30.0	-4.7377114197879	4.2205406901009	1.4112000805986722	-0.7810131021188429	6.148911500386571	6.148911500386571	37.80911263958624
31.0	-4.529051102837107	4.215216911474115	0.41580662433290494	-1.2750976352352263	4.944857727170012	4.944857727170012	24.45161794195298
32.0	-3.8486379841886	4.20102110741044	-0.5837414342758008	-4.797860541757843	3.264896549912799	3.264896549912799	10.6595494816325
33.0	-2.241954515793941	4.223952058248595	-1.5774569414324866	-2.335836455686734	0.6644975743614545	0.6644975743614545	0.4415570263322568
34.0	-0.9288875712570271	4.253555201912446	-2.5554110202683167	-3.57585683478061	-1.6265234490112896	1.6265234490112896	2.6455785301835815
35.0	0.4204796461773415	4.289286197177964	-3.5078322768961985	2.520211200130705	-3.92831192307354	3.92831192307354	15.431634564961735
36.0	2.260527507714139	4.360511790108639	-4.425204432948525	-0.8622861585512496	-6.685731940662664	6.685731940662664	44.69901158239695
37.0	3.4333378081275003	4.416578209692251	-5.298361409084934	1.7862405724160828	-8.731699217212434	8.731699217212434	76.24257121986822
38.0	4.998296971689961	4.481933255774608	-6.1185789094271925	-4.118630783831565	-11.116875881117153	11.116875881117153	123.58492935616427
39.0	5.861449354425335	4.522959704527758	-6.8776615918397415	-4.453986814717545	-12.739110946265075	12.739110946265075	162.28494770125067
40.0	5.897653028500508	4.5348872517138075	-7.5680249530792825	-2.5513488526531862	-13.465677981579791	13.465677981579791	181.3244835036028
41.0	6.5545617044030635	4.533909916253492	-8.182771110644108	-13.512293805493721	-14.737332815047171	14.737332815047171	217.18897850146618
42.0	6.82103693052081	4.518822733095327	-8.715757724135882	-9.478303078011535	-15.536794654656692	15.536794654656692	241.39198814096875
43.0	8.189930045894029	4.522329634446661	-9.161659367494549	-13.285165804150566	-17.351589413388577	17.351589413388577	301.07765517081856
44.0	7.959295308744231	4.51067074937312	-9.516020738895161	-11.79048799870904	-17.475316047639392	17.475316047639392	305.38667096488285
45.0	6.741909498570322	4.509946710586368	-9.77530117665097	-7.122143458323302	-16.517210675221293	16.517210675221293	272.81824848964425
46.0	6.264918074413652	4.498464529902974	-9.936910036334645	-7.9882443017949605	-16.201828110748295	16.201828110748295	262.4992341302337
47.0	4.771778480287243	4.508479061140533	-9.999232575641008	-8.396342449409651	-14.771011055928252	14.771011055928252	218.18276761435465
48.0	4.69114408302837	4.501758738490886	-9.961646088358405	-6.269452148891215	-14.652790171386776	14.652790171386776	214.70425980668892
49.0	4.586570573960204	4.4840678004758185	-9.824526126243324	-19.485679014608685	-14.411096700203528	14.411096700203528	207.679708102617
50.0	3.1808117640177396	4.4852955551454174	-9.589242746631385	-4.597167051574385	-12.770054510649125	12.770054510649125	163.07429220495007
51.0	1.2158058970628116	4.525666366044708	-9.258146823277322	-7.615013707491947	-10.473952720340133	10.473952720340133	109.70368558792048
52.0	-1.4168876703101867	4.641690392815084	-8.83454655720153	-9.827746249545017	-7.417658886891344	7.417658886891344	55.021663362278126
53.0	-3.3572879203082784	4.763117374227128	-8.322674422239007	-3.708646156703809	-4.965386501930729	4.965386501930729	24.655063113555876
54.0	-4.234521872046849	4.847505515597958	-7.7276448755598715	-3.9124163864082075	-3.4931230035130225	3.4931230035130225	12.20190831767184
55.0	-5.9584520561155125	4.934013148425445	-7.0554032557039195	-6.556193381448627	-1.096951199588407	1.096951199588407	1.203301934278445
56.0	-5.784914749457227	4.984213352616655	-6.3126663787232085	-7.661783004779523	-0.5277516292659818	0.5277516292659818	0.27852178219289836
57.0	-6.454449019465175	5.01329835375696	-5.506855425976376	0.9943240461416165	0.9475935934887989	0.9475935934887989	0.897933618421015
58.0	-7.075411411424085	5.026627254485541	-4.646021794137566	-2.7149254988879608	2.4293896172865193	2.4293896172865193	5.9019339125795405
59.0	-7.240503071198443	5.024771716160315	-3.7387666483023603	-1.6736613144744426	3.501736422896083	3.501736422896083	12.262157975437054
60.0	-7.065215912696275	5.0124646999284765	-2.7941549819892586	-4.8095136374520315	4.271060930707017	4.271060930707017	18.241961473811887
61.0	-7.553522688156179	4.995346900093216	-1.8216250427209502	-3.6541603308651696	5.731897645435229	5.731897645435229	32.85465061774592
62.0	-6.315355965370476	4.989352709858356	-0.8308940281749639	-1.9138288781456183	5.484461937195512	5.484461937195512	30.079322740546345
63.0	-5.392457381280179	4.983536680315045	0.16813900484350602	-1.030217850967579	5.560596386123685	5.560596386123685	30.92023216937179
64.0	-4.0179613656615825	4.9891741720457325	1.1654920485049365	0.5629451601644028	5.183453414166519	5.183453414166519	26.86818929683454
65.0	-3.6825354585409302	4.98381198172863	2.1511998808781554	4.7038738768885295	5.833735339419086	5.833735339419086	34.03246801038711
66.0	-1.7727824025983672	5.008869072183529	3.1154136351337867	4.030451835438308	4.888196037732154	4.888196037732154	23.89446050330033
67.0	-0.2731523607440601	5.039838069007602	4.0484992061659835	4.826698605600438	4.3216515669100435	4.3216515669100435	18.676672265776034
68.0	0.9019878951705557	5.065771852953197	4.94113351138609	3.801280781911868	4.039145616215534	4.039145616215534	16.314697308993168
69.0	2.5349053263158767	5.101515070074642	5.784397643882002	6.422769621534778	3.2494923175661254	3.2494923175661254	10.559200321921269
70.0	4.040903869556494	5.140012828800303	6.569865987187891	9.531813992355932	2.528962117631397	2.528962117631397	6.39564939241468
71.0	5.103263728254801	5.168858445578959	7.289690401258765	10.89938569924535	2.1864266730039645	2.1864266730039645	4.780461596423185
72.0	6.39842623612845	5.19618409728634	7.936678638491531	11.030547583449337	1.5382524023630815	1.5382524023630815	2.3662204533757913
73.0	6.900863738234477	5.208587975744239	8.504366206285649	8.920809092519521	1.6035024680511718	1.6035024680511718	2.571220165046199
74.0	7.630359006521566	5.213012998000352	8.98708095811627	10.23842428748853	1.3567219515947038	1.3567219515947038	1.8406944539389418
75.0	7.465214886636551	5.2071685419805975	9.379999767747389	12.502796396524873	1.9147848811108377	1.9147848811108377	3.666401140930645
76.0	7.532752891873654	5.1939731043136765	9.679196720314865	13.609973299851996	2.1464438284412104	2.1464438284412104	4.60722110865336
77.0	6.70662796724743	5.181780882457985	9.881682338770004	9.932472419559161	3.175054371522574	3.175054371522574	10.080970262124607
78.0	5.391593746868303	5.179750589882896	9.98543345374605	9.989856456772673	4.593839706877747	4.593839706877747	21.10336325248662
79.0	4.793560988282244	5.17266933341288	9.98941341839772	6.063814507409404	5.195852430115477	5.195852430115477	26.996882475536907
80.0	3.6410337985210117	5.170540677027651	9.893582466233818	12.337453526776958	6.252548667712807	6.252548667712807	39.094364842117194
81.0	2.6265817341332807	5.169285482639349	9.698898108450862	9.530018444767622	7.072316374317582	7.072316374317582	50.01765889844059
82.0	0.5926458065706952	5.196219643348048	9.407305566797726	6.993308041965132	8.81465976022703	8.81465976022703	77.69822668856565
83.0	-1.2796823687599856	5.23747799900155	9.021718337562932	8.007293962986916	10.301400706322918	10.301400706322918	106.11885651223031
84.0	-2.1502255916290665	5.265131208458001	8.545989080882805	7.905331411492542	10.696214672511871	10.696214672511871	114.40900832045824
85.0	-3.1328395355303646	5.284697931023061	7.984871126234903	14.402302123971943	11.117710661765267	11.117710661765267	123.60349035872909
86.0	-4.342697898565586	5.302569812366863	7.343970978741133	13.03690464099553	11.686668877306719	11.686668877306719	136.5782294478095
87.0	-5.634884364816512	5.320891438389352	6.62969230082182	6.930967106422037	12.264576665638332	12.264576665638332	150.41984078732025
88.0	-6.353448462898468	5.330168334691016	5.849171928917617	8.429590051184803	12.202620391816085	12.202620391816085	148.90394442676575
89.0	-6.836839903317965	5.330766029907809	5.010208564578846	1.2555367151557566	11.847048467896812	11.847048467896812	140.3525574006962
90.0	-6.458486678960235	5.324525233779141	4.121184852417566	5.566201495832841	10.579671531377802	10.579671531377802	111.92944971184592
91.0	-6.338210813004794	5.312516893644825	3.1909836234935214	4.143547037321383	9.529194436498315	9.529194436498315	90.80554660859045
92.0	-5.460669876108767	5.302222439768885	2.2288991410024592	4.734744177236079	7.689569017111227	7.689569017111227	59.12947166891692
93.0	-5.69733999975771	5.287830440938705	1.244544235070617	-2.0281077886436005	6.941884234828327	6.941884234828327	48.189756729758074
94.0	-4.775448921195284	5.27649954459968	0.24775425453357763	-1.3839677163705852	5.023203175728862	5.023203175728862	25.232570144652527
95.0	-3.363339435615167	5.275883751359623	-0.751511204618093	4.330570650351772	2.611828230997074	2.611828230997074	6.821646708233304
96.0	-0.8606069544239974	5.316361214064988	-1.743267812229814	1.5324252198959232	-0.8826608578058166	0.8826608578058166	0.7790901899025
97.0	-0.11695709118628862	5.342315320275218	-2.717606264109442	4.125807205358419	-2.6006491729231533	2.6006491729231533	6.763376120625882
98.0	0.3266700260631761	5.3552114087770075	-3.6647912925192836	-4.894006678226452	-3.9914613185824597	3.9914613185824597	15.931763457740027
99.0	1.2653801864785266	5.363616865724918	-4.575358937753214	-3.132182786362086	-5.840739124231741	5.840739124231741	34.11423351733136
100.0	2.3390001843619337	5.370730804983513	-5.440211108893697	-8.838114393514516	-7.779211293255631	7.779211293255631	60.51612834511595
101.0	3.603369126943902	5.380066288471622	-6.250706488928834	-8.051274619206435	-9.854075615872736	9.854075615872736	97.10280624333764
102.0	4.607020637778504	5.3868200052727575	-6.998746875935437	-8.607562817679037	-11.60576751371394	11.60576751371394	134.69383958237788
103.0	6.148068525713202	5.401281272544822	-7.676858097635825	-15.240960732222458	-13.824926623349027	13.824926623349027	191.12859614098474
104.0	7.544675183168707	5.418266472652407	-8.278264690856536	-6.514516156199215	-15.822939874025243	15.822939874025243	250.365426257018
105.0	8.197853701989837	5.426634867263972	-8.7969575997167	-13.877021565867851	-16.994811301706537	16.994811301706537	288.82361118061226
106.0	8.64767351512046	5.427332010224093	-9.227754216128073	-14.8542602492077	-17.875427731248532	17.875427731248532	319.53091657508907
107.0	8.227347571345785	5.422400308851814	-9.566350162701884	-8.878844004231873	-17.79369773404767	17.79369773404767	316.6156790506531
108.0	7.155497098958979	5.419846638347473	-9.809362300664915	-7.270333282655908	-16.964859399623894	16.964859399623894	287.80645444900716
109.0	6.691518241147588	5.412937557967624	-9.954362533063774	-15.269853553087117	-16.645880774211363	16.645880774211363	277.0853467492595
110.0	5.686746642160887	5.408054977301323	-9.999902065507035	-7.878318867046756	-15.686648707667922	15.686648707667922	246.0709476777797
111.0	4.381127643158572	5.409091889714734	-9.94552588203989	-4.874252350033542	-14.326653525198463	14.326653525198463	205.25300123108156
112.0	3.862722845745362	5.4052247404592855	-9.791777291513169	-14.205860429966737	-13.65450013725853	13.65450013725853	186.44537399839322
113.0	1.9398095564422988	5.419807347611884	-9.54019249902089	-9.911574573768988	-11.480002055463189	11.480002055463189	131.79044719343904
114.0	0.828003452146398	5.431791338650942	-9.193285256646757	-10.273204709618946	-10.021288708793154	10.021288708793154	100.42622738498517
115.0	-0.2558778599344771	5.441507864354428	-8.754521746884285	-10.238924040643756	-8.498643886949807	8.498643886949807	72.22694791718934
116.0	-1.235094069271939	5.448250817179836	-8.228285949687079	-3.260735984500612	-6.993191880415139	6.993191880415139	48.904732676304235
117.0	-2.479338537580858	5.45646141429629	-7.619835839190321	-8.06851456674289	-5.140497301609463	5.140497301609463	26.424712507854167
118.0	-3.712662434310917	5.4655423129559635	-6.935250847771224	-5.560091492620874	-3.222588413460307	3.222588413460307	10.385076082568618
119.0	-4.882639746333809	5.474309312566651	-6.181371122370333	-6.197276957167333	-1.2987313760365238	1.2987313760365238	1.6867031871017226
120.0	-5.767859087370195	5.479343396038062	-5.365729180004349	-1.6029510491620504	0.402129907365846	0.402129907365846	0.16170846239806386
121.0	-6.26883299369522	5.478573926582148	-4.496474645345999	-9.951732352251355	1.7723583483492211	1.7723583483492211	3.141254114963179
122.0	-7.068914568792315	5.475922562762118	-3.58229282236827	-3.161424386346278	3.4866217464240448	3.4866217464240448	12.156531202637057
123.0	-6.905226132410984	5.468420161736082	-2.6323179136580093	-0.17451484168063303	4.272908218752975	4.272908218752975	18.25774464588672
124.0	-7.11364160588924	5.457590145060076	-1.656041754483094	-2.9245845707997917	5.457599851406147	5.457599851406147	29.785396138068393
125.0	-5.676978171171409	5.45593341673203	-0.6632189735120069	-0.8197534166067241	5.013759197659402	5.013759197659402	25.13778129211425
126.0	-4.8250393934707345	5.453197326316553	0.3362304722113847	2.4417390693986647	5.161269865682119	5.161269865682119	26.638706626398317
127.0	-4.128882441085531	5.448356379472193	1.3323204141994396	2.8785174976050136	5.46120285528497	5.46120285528497	29.824736626572708
128.0	-3.4221998515310736	5.4421145394581	2.3150982510153897	-0.4825539991151011	5.737298102546463	5.737298102546463	32.916589517483246
129.0	-2.59608148207143	5.435898037395503	3.27474439137693	-2.019751965198271	5.870825873448361	5.870825873448361	34.466596436350706
130.0	-0.7730960900057144	5.444374561027454	4.201670368266409	-2.1593731005402956	4.974766458272124	4.974766458272124	24.748301314349373
131.0	1.070467062923649	5.463786879810481	5.0866146437237525	8.038769559846232	4.016147580800103	4.016147580800103	16.129441390766523
132.0	2.7085490528920273	5.4870696920827715	5.920735147072245	3.789797900131881	3.2121860941802174	3.2121860941802174	10.31813950364476
133.0	3.627877419395894	5.503093730690856	6.695697621966024	7.526280835504943	3.0678202025701298	3.0678202025701298	9.411520795297433
134.0	4.914099918019245	5.518204727089336	7.403758899524487	5.99974699301443	2.489658981505242	2.489658981505242	6.198401844189719
135.0	5.768889160783942	5.5277093007855935	8.03784426551621	7.01347429472759	2.2689551047322674	2.2689551047322674	5.148157267290614
136.0	5.845140878106399	5.529371996742139	8.591618148564969	13.771922626256604	2.74647727045857	2.74647727045857	7.543137397145556
137.0	5.814543784191953	5.525386744083758	9.059547423084627	11.174048997472822	3.2450036388926744	3.2450036388926744	10.530048616426699
138.0	5.820116951821508	5.517374807457706	9.436956694441047	3.788232273916866	3.616839742619539	3.616839742619539	13.081529723792173
139.0	5.855074799583702	5.506523920700587	9.72007501394976	12.091693041042877	3.8650002143660585	3.8650002143660585	14.938226657049677
140.0	5.958935714444849	5.493734931085356	9.906073556948703	11.378473074188447	3.947137842503854	3.947137842503854	15.579897147725978
141.0	5.008653003128488	5.48407946819551	9.993093887479178	10.757552915173164	4.98444088435069	4.98444088435069	24.844650929586685
142.0	3.853459738735962	5.478837960101185	9.980266527163616	9.402097257637555	6.126806788427654	6.126806788427654	37.537761422723186
143.0	2.7311306269772393	5.476372769577037	9.867719642746133	13.317394376521847	7.136589015768894	7.136589015768894	50.930902779993225
144.0	0.9029096046045493	5.486392632004041	9.656577765492774	9.283044175022905	8.753668160888225	8.753668160888225	76.62670627094823
145.0	-0.4121655842763177	5.4972369168641615	9.34895055524683	9.5507221924638	9.761116139523148	9.761116139523148	95.27938828925929
146.0	-0.833653830112981	5.501048226298918	8.947911721405035	12.18935364357911	9.781565551518016	9.781565551518016	95.67902463864394
147.0	-3.2740331464313965	5.528757553226747	8.457468311429334	11.450129893269015	11.73150145786073	11.73150145786073	137.62812645578845
148.0	-3.7056347825102116	5.544939663342747	7.882520673753163	8.569239985102413	11.588155456263374	11.588155456263374	134.2853468785266
149.0	-4.29540406845483	5.553528344518451	7.22881349511976	6.610278260191163	11.52421756357459	11.52421756357459	132.80759045260106
150.0	-5.7669146914430875	5.56536521161185	6.502878401571168	-0.48370064169609783	12.269793093014256	12.269793093014256	150.54782254538034
151.0	-4.877257314198854	5.572947719343636	5.711968696599872	7.87897492335879	10.589226010798725	10.589226010798725	112.13170750777628
152.0	-4.584927871966237	5.5741353447140485	4.863986888537982	2.182463171519417	9.44891476050422	9.44891476050422	89.28199015127451
153.0	-5.042152431542329	5.5713012260931025	3.967405731306121	2.477393392512151	9.00955816284845	9.00955816284845	81.17213828974913
154.0	-6.246483544798482	5.57135912567097	3.0311835674570227	0.28808340215719097	9.277667112255505	9.277667112255505	86.07510704582741
155.0	-6.735016582332575	5.567893430017459	2.064674819377966	-1.4061541148457093	8.799691401710541	8.799691401710541	77.43456876533844
156.0	-5.670929728543084	5.566001973371685	1.077536522994423	5.308702103345644	6.748466251537507	6.748466251537507	45.54179674814069
157.0	-5.072513698849351	5.56171768829085	0.07963183785935567	1.721886591761971	5.152145536708706	5.152145536708706	26.54460363142744
158.0	-5.3184656533929875	5.554394536342232	-0.9190685022768164	-4.236867226379668	4.399397151116171	4.399397151116171	19.35469529324908
159.0	-4.322957172716911	5.549082385971337	-1.9085858137418938	-2.3054967971972684	2.414371358975017	2.414371358975017	5.82918905903887
160.0	-2.4001863091546483	5.557524873042473	-2.879033166650653	3.4956925658552533	-0.47884685749600475	0.47884685749600475	0.2292943129337991
161.0	-0.7626280990415958	5.5712150420292845	-3.820714171840091	-2.6108366170161865	-3.0580860727984955	3.0580860727984955	9.351890428644126
162.0	0.8396777965921424	5.588173463565335	-4.724219863984661	-8.302234415037987	-5.563897660576804	5.563897660576804	30.95695717737203
163.0	2.437671163939916	5.607430000996675	-5.5805227128677934	-10.268672506493743	-8.01819387680771	8.01819387680771	64.29143304607665
164.0	2.7031629650393834	5.617362154289334	-6.381066823479502	-4.226954864935487	-9.084229788518886	9.084229788518886	82.52323085061388
165.0	3.561271171646706	5.623419840099416	-7.117853423691231	-11.507961992400777	-10.679124595337937	10.679124595337937	114.04370212275165
166.0	4.570330480199933	5.627891864197033	-7.783520785342985	-6.222116131794785	-12.353851265542918	12.353851265542918	152.61764109115634
167.0	4.330539042107805	5.627089326500598	-8.371417780197469	-6.864103742527659	-12.701956822305274	12.701956822305274	161.33970711570748
168.0	5.15469064756325	5.625136888747991	-8.875670335815046	-7.716400936038037	-14.030360983378296	14.030360983378296	196.851029323904
169.0	5.29603762072831	5.619576168194211	-9.291240127343697	-8.429291620383411	-14.587277748072006	14.587277748072006	212.7886720993967
170.0	5.468174134020274	5.611479634902074	-9.613974918795568	-11.154540320761711	-15.082149052815844	15.082149052815844	227.47122005135384
171.0	4.665146075846203	5.604148389931488	-9.840650050816434	-10.874797235918843	-14.505796126662638	14.505796126662638	210.41812126830078
172.0	4.312006208778673	5.595224638827994	-9.969000660415961	-9.23751744213752	-14.281006869194634	14.281006869194634	203.94715719798432
173.0	3.2593570285291436	5.58923942024637	-9.997744310730111	-12.638791232214471	-13.257101339259254	13.257101339259254	175.7507359193895
174.0	2.546430887065825	5.582901197524483	-9.926593804706327	-11.69422930576234	-12.473024691772153	12.473024691772153	155.57634496155782
175.0	1.9481970790260257	5.575710719111952	-9.756260054681576	-10.219379910085621	-11.704457133707601	11.704457133707601	136.99431679479875
176.0	0.5507132557844683	5.574430292175891	-9.48844497918124	-10.027333993697665	-10.039158234965708	10.039158234965708	100.78469806667978
177.0	-0.5064827500695586	5.573983666786111	-9.125824497911845	-9.415227663085483	-8.619341747842286	8.619341747842286	74.29305216609691
178.0	-1.5083702583993919	5.573676564905761	-8.672021794855812	-5.819589554419686	-7.16365153645642	7.16365153645642	51.31790333577443
179.0	-2.716331726131799	5.57530064165305	-8.131571116614865	-4.456429817297442	-5.415239390483066	5.415239390483066	29.324817656239407
180.0	-3.6905791369333616	5.576270693793462	-7.509872467716762	-8.3526189327694	-3.8192933307834003	3.8192933307834003	14.58700154656656
181.0	-4.797371991639282	5.577864798835329	-6.813137655555	-5.706825137170107	-2.015765663915718	2.015765663915718	4.063311211821575
182.0	-5.55141723935966	5.577317466639132	-6.048328224062841	-6.104291100631668	-0.49691098470318096	0.49691098470318096	0.24692052671868495
183.0	-5.658727142126689	5.573065326638783	-5.223085896267316	-0.8551637985733924	0.43564124585937325	0.43564124585937325	0.1897832950939069
184.0	-5.909354576520419	5.5663665399959354	-4.3456562207189355	-2.059531865988672	1.5636983558014839	1.5636983558014839	2.445152547936264
185.0	-6.615703120938802	5.559608340918324	-3.4248061846961253	-6.931055847018763	3.1908969362426767	3.1908969362426767	10.1818232577229
186.0	-5.8203326496690035	5.5533327375766905	-2.469736617366209	-3.315262022959276	3.3505960323027946	3.3505960323027946	11.226493771683229
187.0	-5.763178310281776	5.545021228754603	-1.489990258141988	0.034408934244432254	4.273188052139789	4.273188052139789	18.26013612895024
188.0	-4.2013012374157395	5.544563477798844	-0.4953564087836742	-2.5149763332046895	3.7059448286320653	3.7059448286320653	13.734027072864748
189.0	-3.4058236674036264	5.542844067207217	0.5042268780681477	4.082201140942155	3.910050545471774	3.910050545471774	15.288495268144118
190.0	-2.7286229892191916	5.539570642017884	1.4987720966295235	3.1095427099236597	4.227395085848715	4.227395085848715	17.870869211857865
191.0	-1.8889361516977956	5.536111442952486	2.478342079829598	13.006112559741767	4.3672782315273935	4.3672782315273935	19.07311915157304
192.0	-1.1018672399386857	5.5322072408437934	3.433149288198987	5.858333485884714	4.535016528137673	4.535016528137673	20.566374910481873
193.0	0.30011288117802404	5.532996608218119	4.353653603728932	3.961713208257365	4.053540722550908	4.053540722550908	16.431192389378538
194.0	1.2587646060908766	5.533266088221378	5.230657651576994	6.389005531750427	3.9718930454861177	3.9718930454861177	15.775934364780987
195.0	3.297563751083457	5.545245038800027	6.0553986971960105	2.733424747489984	2.7578349461125535	2.7578349461125535	7.605653589999631
196.0	4.843664173331154	5.559041202251111	6.819636200681356	6.455160541374343	1.9759720273502017	1.9759720273502017	3.9044654528704665
197.0	6.0857708582077565	5.571015538442288	7.515734153521506	6.342941054183533	1.4299632953137493	1.4299632953137493	2.044795025944557
198.0	7.478033329415217	5.583111885608649	8.136737375071053	6.508186505175122	0.6587040456558366	0.6587040456558366	0.4338910197633665
199.0	8.195328527028698	5.590119932420002	8.676441006416692	8.146437939277217	0.48111247938799373	0.48111247938799373	0.2314692178228627
200.0	8.238792653530904	5.591615557364577	9.129452507276277	13.48420951237372	0.8906598537453725	0.8906598537453725	0.7932749750737284
201.0	8.35485725099578	5.589184594332257	9.491245536478946	10.469859861998023	1.1363882854831662	1.1363882854831662	1.2913783353833699
202.0	7.689746857715007	5.585453620864986	9.758205177669764	10.563137503420972	2.0684583199547566	2.0684583199547566	4.278519821390054
203.0	6.552185124598687	5.583804042801997	9.92766405835907	10.050272858641433	3.375478933760384	3.375478933760384	11.393858032260137
204.0	5.8791096953321755	5.580693814686234	9.997929001426693	11.073100935614743	4.118819306094517	4.118819306094517	16.96467247625692
205.0	5.228199762279563	5.5764392886055045	9.968297942787993	14.593838154834653	4.74009818050843	4.74009818050843	22.46853076085933
206.0	3.742678178326823	5.577599079700853	9.839066946186161	12.508240894924452	6.096388767859338	6.096388767859338	37.165956008881494
207.0	2.4625038103935757	5.580659755818836	9.611527245021156	15.242613228864952	7.14902343462758	7.14902343462758	51.10853606885432
208.0	1.1349496075773369	5.585514574110268	9.287952340772405	10.876645273858745	8.153002733195068	8.153002733195068	66.47145356748625
209.0	-0.009635997091476441	5.590092502860032	8.871575286923495	11.772327635174058	8.881211284014972	8.881211284014972	78.87591387131486
210.0	-0.7861012499350563	5.59204410084371	8.36655638536056	12.306375127390927	9.152657635295617	9.152657635295617	83.77114178893515
211.0	-1.7803037334773073	5.593414663610991	7.777941618010928	11.0906981231642	9.558245351488235	9.558245351488235	91.36005419924646
212.0	-2.9762857780908045	5.595867230272566	7.1116122290598	4.3819087461304385	10.087898007150605	10.087898007150605	101.76568620267314
213.0	-4.900485051966805	5.606882119695467	6.374225961502389	5.9593570957443935	11.274711013469194	11.274711013469194	127.11910843724353
214.0	-5.4592511231493415	5.612555256538562	5.573150535176584	6.620410010861205	11.032401658325925	11.032401658325925	121.71388635063263
215.0	-6.428627238566304	5.616460410583785	4.7163900309419615	1.3610290814468695	11.145017269508266	11.145017269508266	124.21140993763748
216.0	-6.739659368198142	5.616286639888991	3.8125049165494014	1.9565882879637748	10.552164284747544	10.552164284747544	111.34817109230165
217.0	-6.25992634491492	5.613616889772186	2.870526513277251	4.1972626678412475	9.130452858192172	9.130452858192172	83.3651693956696
218.0	-6.133428742959777	5.608457241986642	1.8998667579543773	2.9931104332262484	8.033295500914154	8.033295500914154	64.53383660500758
219.0	-5.95900120785189	5.601567412938563	0.9102241619984432	0.27928894362257006	6.869225369850334	6.869225369850334	47.186257181795455
220.0	-5.4251632004734605	5.594274767228489	-0.08851309290403876	2.679657434268145	5.3366501075694215	5.3366501075694215	28.47983437062072
221.0	-4.17791271214157	5.590828057845036	-1.0863659542407975	-2.6884159929557576	3.0915467579007725	3.0915467579007725	9.557661356286777
222.0	-2.955269153265111	5.589946289686561	-2.0733642060676223	-1.4115625332730986	0.8819049471974889	0.8819049471974889	0.7777563358914057
223.0	-1.9512331357471495	5.589336000419421	-3.0396460881104703	1.0714227831534808	-1.0884129523633208	1.0884129523633208	1.1846427548722405
224.0	-0.45152966785310444	5.592924233412	-3.9755568312143614	-2.3493053968682744	-3.524027163361257	3.524027163361257	12.418767448107989
225.0	1.1500335986196093	5.600556060360264	-4.871745124605095	-8.63623634028277	-6.021778723224704	6.021778723224704	36.26181899148175
226.0	2.2186681674491644	5.606532829650334	-5.719256551095638	-1.555465229823172	-7.937924718544803	7.937924718544803	63.01064883728459
227.0	2.9636411162935015	5.609448444352836	-6.5096230566624955	-5.284345652322883	-9.473264172955997	9.473264172955997	89.74273409061166
228.0	4.089616423849162	5.612403580345738	-7.23494756044245	-7.951212214455905	-11.324563984291611	11.324563984291611	128.2457494343147
229.0	4.890090713025575	5.613413046114852	-7.887982859754185	-6.211696407653557	-12.77807357277976	12.77807357277976	163.2791642313725
230.0	5.3800058581592145	5.611772150311898	-8.462204041751706	-7.35623745395125	-13.84220989991092	13.84220989991092	191.60677491319186
231.0	5.827690645164337	5.608105882219214	-8.951873678196819	-6.606327556005799	-14.779564323361155	14.779564323361155	218.43552158836988
232.0	5.370833694899696	5.6030167307710705	-9.352099151945403	-8.978143885768713	-14.722932846845099	14.722932846845099	216.76475161271034
233.0	4.50681044005639	5.598565783727852	-9.658881542360705	-9.324715097907339	-14.165691982417094	14.165691982417094	200.66682934071594
234.0	5.058529089422363	5.593227128491521	-9.869155581206494	-9.38263008210064	-14.927684670628857	14.927684670628857	222.83576962572775
235.0	4.313204188044171	5.588023947247516	-9.980820279793964	-10.51521971072251	-14.294024467838135	14.294024467838135	204.31913548715528
236.0	3.889877883277604	5.581787134653618	-9.992759921366277	-10.533800764401542	-13.882637804643881	13.882637804643881	192.72763241492748
237.0	3.315464175578758	5.575273747321985	-9.90485520897156	-11.344105105319112	-13.220319384550319	13.220319384550319	174.77684462951692
238.0	2.376234075995329	5.570230565063755	-9.717984457438632	-10.781370695772921	-12.094218533433962	12.094218533433962	146.27012193445753
239.0	-0.03520799182847474	5.581338254179216	-9.434014817545544	-10.642820801914027	-9.398806825717068	9.398806825717068	88.33756974714576
240.0	-1.079406770703383	5.589647262069469	-9.055783620066238	-7.015274096018792	-7.976376849362856	7.976376849362856	63.622587643051716
241.0	-2.4261750840035226	5.598097922253382	-8.587070026099294	-9.011345295336934	-6.160894942095771	6.160894942095771	37.95662648754126
242.0	-3.178064040383418	5.602921686978051	-8.032557266939527	-1.9210675822747758	-4.854493226556109	4.854493226556109	23.56610448667914
243.0	-3.57065929571636	5.603911794173287	-7.397785850778934	-11.438513920288175	-3.8271265550625744	3.8271265550625744	14.646897668465128
244.0	-4.609392338805956	5.604859958321779	-6.689098203780216	-6.013427917513811	-2.07970586497426	2.07970586497426	4.325176484808335
245.0	-4.904872619801957	5.602874416425044	-5.913575298651244	-6.01677450704598	-1.0087026788492865	1.0087026788492865	1.0174810943177268
246.0	-5.93747111373416	5.601635039061642	-5.078965903906221	-4.545735647560995	0.8585052098279391	0.8585052098279391	0.7370311953017138
247.0	-6.745038802713988	5.599729365644179	-4.193609160732281	-8.238901259211886	2.5514296419817066	2.5514296419817066	6.5097932179828994
248.0	-6.435092809316012	5.5957437320902335	-3.2663512610472223	-4.7327393247646405	3.1687415482687893	3.1687415482687893	10.040922999724884
249.0	-6.301107068617386	5.590048247434043	-2.306457059273922	2.1483973495997675	3.9946500093434634	3.9946500093434634	15.957228697147732
250.0	-5.2415721967775974	5.58629706485635	-1.3235175009777302	-4.380946123739691	3.918054695799867	3.918054695799867	15.35115259927939
251.0	-4.991297075454557	5.58092240757156	-0.32735379330845316	-0.19192574657112285	4.6639432821461035	4.6639432821461035	21.75236693907577
252.0	-4.174534628063241	5.576105452543373	0.6720807252547847	-0.6197918695052071	4.846615353318025	4.846615353318025	23.48968038301801
253.0	-3.696484080849872	5.570456247209021	1.6648000353715924	-0.35424409204806073	5.361284116221464	5.361284116221464	28.743367374848564
254.0	-3.044031167676689	5.564773362110369	2.6408852138447285	-2.7848921196183136	5.684916381521417	5.684916381521417	32.31827426489057
255.0	-2.3677116320631604	5.559163194454029	3.590583540221683	0.3997914854047351	5.958295172284844	5.958295172284844	35.50128136007288
256.0	-2.2035133972341803	5.552415108289708	4.504405942753893	6.01786789124373	6.707919339988074	6.707919339988074	44.996181871786035
257.0	-0.7466145520050516	5.55070610286732	5.373221810064748	1.8668697953095097	6.119836362069799	6.119836362069799	37.45239709851172
258.0	1.6867920877096565	5.563414689206983	6.188350221200393	2.73799097989051	4.501558133490736	4.501558133490736	20.2640256291966
259.0	2.584058512298426	5.572062451755439	6.941646682522445	9.236768053647822	4.35758817022402	4.35758817022402	18.98857466127632
260.0	4.175852120207451	5.5825817954246855	7.625584504796027	6.9956263357182085	3.449732384588576	3.449732384588576	11.900653525279184
261.0	4.689268880995166	5.588163986596422	8.233330007380816	11.342711309941386	3.5440611263856505	3.5440611263856505	12.560369267557926
262.0	4.58227985470267	5.589491820943967	8.758810798108911	4.727906566281701	4.176530943406241	4.176530943406241	17.443410721229824
263.0	5.064467813308366	5.588357943817041	9.196776446620198	11.911079891130832	4.132308633311832	4.132308633311832	17.075974640943503
264.0	4.70980085431043	5.585168624804236	9.54285094492698	11.236458349412882	4.833050090616551	4.833050090616551	23.358373178408648
265.0	5.033481339024021	5.580452677960068	9.79357643103917	8.769415799050114	4.760095092015149	4.760095092015149	22.65850528502671
266.0	4.794674674559142	5.574521646226774	9.946447738778382	8.010539578316527	5.151773064219239	5.151773064219239	26.540765705214888
267.0	4.226878930922858	5.568438011870061	9.999937428570206	12.120636945072592	5.773058497647348	5.773058497647348	33.328204417258256
268.0	2.7778035532897074	5.567014944302788	9.95351104911559	8.600175222404966	7.175707495825883	7.175707495825883	51.49077806565176
269.0	1.7401609451392315	5.566194635962417	9.807632477451522	10.53925591055722	8.06747153231229	8.06747153231229	65.0840969246692
270.0	0.7808209036726639	5.565392024352245	9.56375928404503	6.906527464464238	8.782938380372366	8.782938380372366	77.14000659341797
271.0	-0.4124720611758193	5.56593833370412	9.224328169230859	6.267467188821854	9.636800230406678	9.636800230406678	92.8679186807662
272.0	-1.4934281981600972	5.566776947342056	8.792730616507226	4.997165674144835	10.286158814667324	10.286158814667324	105.80506316055829
273.0	-2.2492059527518427	5.566255223506119	8.273279005953786	5.646154082575596	10.522484958705629	10.522484958705629	110.7226897061862
274.0	-3.3552024745367337	5.566464617650894	7.6711635263552775	12.139981882805575	11.026366000892011	11.026366000892011	121.58074718562729
275.0	-4.412721616332181	5.566924580914989	6.992400316550977	5.85062180355965	11.405121932883159	11.405121932883159	130.07680630393247
276.0	-6.351848276680551	5.574507967139105	6.243771354163914	6.214257324394918	12.595619630844464	12.595619630844464	158.64963388491444
277.0	-6.69960702080733	5.577709030595395	5.4327566923224495	6.045504691312113	12.13236371312978	12.13236371312978	147.19424926766825
278.0	-6.944945275897626	5.577596372709274	4.567459721441928	6.919624339322224	11.512404997339555	11.512404997339555	132.53546882276876
279.0	-6.534879740849159	5.575379724778667	3.6565262028261802	6.522314998577813	10.191405943675338	10.191405943675338	103.86475510878101
280.0	-6.710853423097405	5.571307022991548	2.7090578830786907	4.8948755046990335	9.419911306176097	9.419911306176097	88.73472901622426
281.0	-6.159310235882646	5.566603517064813	1.734521552458921	-0.15293537791687983	7.893831788341568	7.893831788341568	62.31258030263183
282.0	-5.350762830655127	5.56234004348104	0.7426544558435777	3.3322071194644014	6.093417286498705	6.093417286498705	37.129734227401244
283.0	-4.613757453367997	5.558117400107526	-0.2566329986055949	-2.4426558287611737	4.357124454762402	4.357124454762402	18.984533514288557
284.0	-3.2324001443916983	5.557379514474885	-1.2533562609643265	4.7432039041105964	1.9790438834273718	1.9790438834273718	3.916614692531293
285.0	-2.6155834693268916	5.555292091552654	-2.2375564018679643	-3.4000474370963945	0.3780270674589272	0.3780270674589272	0.14290446373159632
286.0	-1.4094699432500823	5.554931927150172	-3.199399618841981	-0.9744038183897539	-1.7899296755918985	1.7899296755918985	3.203848243564519
287.0	-0.009589403659571125	5.557079326783447	-4.129275492405434	-9.22894856722754	-4.119686088745863	4.119686088745863	16.971813469806186
288.0	1.2167084610638965	5.5598845543833	-5.017893010205742	-6.532485678051818	-6.234601471269638	6.234601471269638	38.87025550555754
289.0	1.1195828360101527	5.559452896789615	-5.8563733997430045	-7.720701304302668	-6.9759562357531575	6.9759562357531575	48.663965403143365
290.0	2.2518352274864437	5.559840509257352	-6.636338842129676	-3.1385018772873026	-8.88817406961612	8.88817406961612	78.99963829179639
291.0	3.9068809554763253	5.564434578524607	-7.349996180487777	-3.1611518122974758	-11.256877135964102	11.256877135964102	126.71728285419135
292.0	5.575042211720436	5.572162559601238	-7.990214786596159	-9.367783898594864	-13.565256998316595	13.565256998316595	184.01619743037736
293.0	5.901312577495144	5.57555547259075	-8.550597807770702	-17.15081500961837	-14.451910385265846	14.451910385265846	208.8577137837548
294.0	6.533028344470028	5.5765366288592215	-9.025546082101869	-9.946763967761678	-15.558574426571898	15.558574426571898	242.06923818717706
295.0	6.785506117925721	5.574970679308577	-9.410314083429535	-6.1382039147296155	-16.195820201355254	16.195820201355254	262.30459199462695
296.0	5.889113950753939	5.573366337758158	-9.701057337071854	-8.329145442818355	-15.590171287825793	15.590171287825793	243.05344078374776
297.0	5.072084115535065	5.57140799039673	-9.894870832545356	-7.59907872299073	-14.96695494808042	14.96695494808042	224.00974041786898
298.0	4.689446127771781	5.56794747875747	-9.989818049469495	-9.746785683251483	-14.679264177241276	14.679264177241276	215.480796785239
299.0	3.479879765874543	5.566569569663842	-9.984950306638146	-14.054507859999589	-13.464830072512688	13.464830072512688	181.30164888164205
300.0	2.6878166218162773	5.564687024915371	-9.880316240928618	-7.204315869122386	-12.568132862744896	12.568132862744896	157.9579636556082
301.0	1.3043615007031941	5.565516971200358	-9.676961321338052	0.11863815332130834	-10.981322822041246	10.981322822041246	120.58945092188392
302.0	0.48426226929957306	5.565337186788348	-9.3769174030028	-9.605395449935877	-9.861179672302374	9.861179672302374	97.24286452942955
303.0	-0.003134177828250405	5.563405739103288	-8.983182425573547	-2.9535064782798894	-8.980048247745296	8.980048247745296	80.64126653183337
304.0	-1.366580997166981	5.564048386528868	-8.499690458793262	-9.475450406740682	-7.133109461626281	7.133109461626281	50.881250591542376
305.0	-3.469658608563769	5.572659238786919	-7.931272394572852	-7.5822891321854415	-4.4616137860090825	4.4616137860090825	19.905997575506298
306.0	-4.5298526510106845	5.579170670633613	-7.283607678315934	-7.621571170371673	-2.7537550273052496	2.7537550273052496	7.583166750408936
307.0	-5.471485343821285	5.583607127035758	-6.5631675617778775	-12.956633197799963	-1.0916822179565928	1.0916822179565928	1.1917700650026257
308.0	-6.383626563262794	5.586417427648017	-5.777150444457318	-1.5338975519905178	0.6064761188054764	0.6064761188054764	0.36781328268135427
309.0	-7.206214304858824	5.587693547202574	-4.933409949567752	-9.445721992407469	2.272804355291072	2.272804355291072	5.165639637430065
310.0	-7.648491324213153	5.586753062022906	-4.0403764532306505	-5.511954333188634	3.6081148709825026	3.6081148709825026	13.018492922205082
311.0	-7.607775564920234	5.583775555518613	-3.1069728509437224	0.24059840032207092	4.500802713976512	4.500802713976512	20.257225070138336
312.0	-7.208256131545518	5.579701591269136	-2.1425254029588423	-5.344575174844062	5.065730728586676	5.065730728586676	25.66162781454729
313.0	-6.5085992108288515	5.57559981173207	-1.1566705493723692	-1.7584908999796678	5.3519286614564825	5.3519286614564825	28.643140397319378
314.0	-5.923571952186484	5.571147385723772	-0.15925862600098248	-1.5456413134305993	5.764313326185502	5.764313326185502	33.227308122439766
315.0	-4.956359707964319	5.5677968627938075	0.8397445569174683	-6.674648314217556	5.796104264881787	5.796104264881787	33.59482464938085
316.0	-3.8347286177643825	5.5659720770101755	1.83035728980588	4.651815301922847	5.665085907570262	5.665085907570262	32.093198340151176
317.0	-2.755820590022747	5.565030042975626	2.80268169769023	1.172011303657963	5.558502287712977	5.558502287712977	30.896947682510397
318.0	-1.3866794933396915	5.566331023988833	3.7470026364946203	12.334152908067875	5.133682129834312	5.133682129834312	26.354692210180154
319.0	0.5759504394703774	5.573746480067731	4.653884763549586	8.376643839451422	4.077934324079209	4.077934324079209	16.629548351503352
320.0	2.0986399546565577	5.582078175244678	5.514266812416906	3.095951656546809	3.4156268577603486	3.4156268577603486	11.666506831453832
321.0	3.0196843557167163	5.587757943335836	6.31955213006885	8.487192439610626	3.2998677743521334	3.2998677743521334	10.889127328207703
322.0	4.015659512254286	5.591841957716449	7.061694571803344	6.915002403880495	3.046035059549058	3.046035059549058	9.278329584002034
323.0	5.247501819498985	5.59594561691079	7.733278895662251	9.948105642020353	2.4857770761632665	2.4857770761632665	6.179087672378798
324.0	5.45175957945183	5.596786146219103	8.327594853077798	10.625556830774595	2.8758352736259685	2.8758352736259685	8.270428521031349
325.0	6.0395685619767026	5.5959468915819395	8.838704235458307	11.574245906932198	2.7991356734816044	2.7991356734816044	7.835160518557315
326.0	6.504599980138129	5.593617129486469	9.261500206805286	11.542784904817967	2.756900226667157	2.756900226667157	7.600498859797422
327.0	6.085238189000257	5.590131163597048	9.591758329530805	4.2094876080727595	3.506520140530548	3.506520140530548	12.295683495946376
328.0	5.6819769444063075	5.58579064039375	9.82617877364141	12.256259219724742	4.144201829235102	4.144201829235102	17.174408801435565
329.0	4.761131164617715	5.582333545310319	9.962419287548636	8.416183418662385	5.201288122930921	5.201288122930921	27.053398137742267
330.0	4.483243346051301	5.577841864805343	9.999118601072672	8.494322832242963	5.5158752550213705	5.5158752550213705	30.42487982895707
331.0	3.8399716528391914	5.573340459508549	9.935910026803949	10.274717308657905	6.095938373964758	6.095938373964758	37.1604646591761
332.0	2.409187305007969	5.572371372662095	9.773425123922587	13.714467535360765	7.364237818914619	7.364237818914619	54.231998653532344
333.0	1.3774408042271684	5.571812547617311	9.513287387867805	2.9822932183310007	8.135846583640637	8.135846583640637	66.19199963253702
334.0	0.23040817215128398	5.572089412083135	9.15809602890819	13.0396980409253	8.927687856756906	8.927687856756906	79.70361046768471
335.0	-0.21547408159177675	5.570575021602195	8.711400001691764	9.781622449003692	8.926874083283542	8.926874083283542	79.68908089879938
336.0	-1.6218980563716712	5.571580255578847	8.177662545264418	3.8060790630048187	9.79956060163609	9.79956060163609	96.03138798513828
337.0	-2.282168857107298	5.571104135049882	7.56221658786063	6.085955191700371	9.844385444967928	9.844385444967928	96.91192478909639
338.0	-3.362708461014915	5.571117400371242	6.871211462047392	9.442912006009903	10.233919923062308	10.233919923062308	104.73311699165163
339.0	-3.9871961930970534	5.569836848643154	6.11155146262596	6.426356715609404	10.098747655723013	10.098747655723013	101.98470421397106
340.0	-4.665450965332457	5.56777646051847	5.290826861200238	4.017980780910609	9.956277826532695	9.956277826532695	99.1274681591066
341.0	-5.09441389727546	5.564580097869596	4.417238066692238	0.1976102759242604	9.511651963967697	9.511651963967697	90.47152308365055
342.0	-5.4429624384815485	5.560442546551369	3.499513689566622	3.8544249762463774	8.94247612804817	8.94247612804817	79.9678793007114
343.0	-5.61229484587452	5.555442594438852	2.546823328440282	2.3535857800717648	8.159118174314802	8.159118174314802	66.5712093824341
344.0	-5.288936075596825	5.549988567703589	1.5686859504841	0.8555526094211576	6.857622026080925	6.857622026080925	47.02697985259025
345.0	-4.954658816997891	5.544230909619071	0.5748747810492456	-2.5891466922671498	5.529533598047136	5.529533598047136	30.575741811932108
346.0	-4.504645753488736	5.538449834272171	-0.4246803471695152	0.3547672461397138	4.079965406319221	4.079965406319221	16.64611771676157
347.0	-3.0568891421704802	5.536568036489723	-1.419992209740017	-1.408696841419593	1.6368969324304632	1.6368969324304632	2.6794315674002602
348.0	-1.5179323756844398	5.5380441705692585	-2.401115979537814	-6.177448672858421	-0.883183603853374	0.883183603853374	0.7800132781154335
349.0	0.003613022881396296	5.541818454368046	-3.358248592171419	-1.3635683988208227	-3.3618616150528156	3.3618616150528156	11.302113518765525
350.0	0.17476820022236095	5.542550160149102	-4.28182669496151	-4.016914355386732	-4.456594895183871	4.456594895183871	19.861238059778938
351.0	1.4069833062715464	5.544137202670113	-5.1626222007992695	-7.229500905538577	-6.569605507070816	6.569605507070816	43.15971651853519
352.0	2.0460455338415424	5.544075269667979	-5.991834492142653	-8.12714716466676	-8.037880025984196	8.037880025984196	64.6075153121157
353.0	2.697728694956519	5.542863803125712	-6.761178353877694	-6.3966453231363545	-9.458907048834213	9.458907048834213	89.47092255848557
354.0	4.2392367658917225	5.544790573774931	-7.462966756449163	-9.644616580914633	-11.702203522340884	11.702203522340884	136.9415672782874
355.0	5.154836203412573	5.545850430851361	-8.090187662119066	-7.090852793365699	-13.245023865531639	13.245023865531639	175.43065719850267
356.0	5.840484568443804	5.545546651088327	-8.63657408692956	-3.205523862183015	-14.477058655373364	14.477058655373364	209.58522731112083
357.0	6.202875634499261	5.543587269673986	-9.096666718335282	-9.462035613099369	-15.299542352834543	15.299542352834543	234.07599620617793
358.0	6.521119823734793	5.54038396368632	-9.465868462849627	-8.200483017222561	-15.98698828658442	15.98698828658442	255.58379447538746
359.0	6.972125133465637	5.536496567931873	-9.740490378683264	-9.12852150992863	-16.7126155121489	16.7126155121489	279.31151725692007
360.0	6.524248329167861	5.532118349185398	-9.917788534431157	-8.341165588476574	-16.442036863599018	16.442036863599018	270.34057622394903
361.0	6.569874487940299	5.527002119539339	-9.995991425528029	-10.98076988125762	-16.56586591346833	16.56586591346833	274.42791346301186
362.0	5.170721940638902	5.525229313403327	-9.97431767453648	-11.57916471062282	-15.145039615175381	15.145039615175381	229.37222494523166
363.0	4.257772769708585	5.523628017822888	-9.852983838412026	-9.75466639651441	-14.11075660812061	14.11075660812061	199.11345205361945
364.0	3.258992187006936	5.52247348570279	-9.633202244737609	-14.593995793140973	-12.892194431744544	12.892194431744544	166.20867726590504
365.0	1.0545685974431103	5.529296122259203	-9.317168878547054	-6.254240036244796	-10.371737475990164	10.371737475990164	107.57293827085883
366.0	-0.8663126341038897	5.539522441323477	-8.908041440768613	-8.6137475303982	-8.041728806664723	8.041728806664723	64.66940219994123
367.0	-2.636677641127326	5.551101009570683	-8.409907797521015	-7.295155556242102	-5.773230156393689	5.773230156393689	33.330186438693495
368.0	-4.05793017335422	5.561458154957586	-7.8277451355064995	-3.376939609534702	-3.76981496215228	3.76981496215228	14.211504848867195
369.0	-5.682086480818839	5.572144427126222	-7.167370231606575	-10.51636294446135	-1.485283750787736	1.485283750787736	2.206067820354085
370.0	-6.626206000885783	5.579652831197823	-6.435381333569995	-7.110352609603016	0.19082466731578762	0.19082466731578762	0.03641405365618103
371.0	-7.235229989250256	5.583855420362059	-5.639092232502625	-1.4309219733725929	1.5961377567476314	1.5961377567476314	2.5476557385153606
372.0	-6.832479793665467	5.585270806838667	-4.78645918588415	-4.947095150361458	2.0460206077813172	2.0460206077813172	4.186200327465831
373.0	-6.997509418519035	5.584420785577066	-3.886001421273368	-5.448868672392343	3.1115079972456674	3.1115079972456674	9.681482016923745
374.0	-7.111076490563181	5.58191653272618	-2.9467160150025755	-3.9866703378222734	4.164360475560605	4.164360475560605	17.34189817041135
375.0	-6.989323231190061	5.578231220308419	-1.9779879963646227	4.454663061677725	5.011335234825438	5.011335234825438	25.11348083580293
376.0	-6.592381476712371	5.57397403673563	-0.9894965755028955	-0.17504747792074105	5.602884901209476	5.602884901209476	31.392319216201123
377.0	-6.417398555829799	5.5690708569090654	0.008881568057175921	0.9958162358642231	6.426280123886975	6.426280123886975	41.29707623066479
378.0	-5.944815605666764	5.564074244026777	1.0071709699250762	-0.3180302619071578	6.951986575591841	6.951986575591841	48.33011734720917
379.0	-4.525979575584692	5.562404071945057	1.995397052387874	1.0105381421714321	6.5213766279725665	6.5213766279725665	42.52835312386684
380.0	-3.5383838051833703	5.561155872885763	2.963685787093853	7.188289867832278	6.502069592277223	6.502069592277223	42.276908982816096
381.0	-1.6179572323248628	5.565356216239002	3.9023623530794618	2.743638759198834	5.520319585404325	5.520319585404325	30.473928324998575
382.0	-0.6054510147403402	5.568431082072127	4.80204780438259	7.739448599740087	5.40749881912293	5.40749881912293	29.241043478815882
383.0	0.9718932005064176	5.5734501628067425	5.653752781370287	3.23542741778938	4.681859580863869	4.681859580863869	21.919809134926805
384.0	0.8998721860737533	5.575211421582376	6.4489673294487275	6.9493524091479975	5.5490951433749744	5.5490951433749744	30.792456910227727
385.0	1.748620433776831	5.575959014346902	7.179745927716441	8.063392215530325	5.43112549393961	5.43112549393961	29.49712413092077
386.0	2.51196758510201	5.575721580927038	7.83878687798293	9.676811982060155	5.32681929288092	5.32681929288092	28.375003779008384
387.0	3.4973276131563953	5.575496613873118	8.41950526092305	6.5646695212399155	4.922177647766654	4.922177647766654	24.227832796173672
388.0	4.771570644246352	5.57649121092598	8.91609873041444	4.122628151883616	4.144528086168088	4.144528086168088	17.177113057036113
389.0	5.1763440906513924	5.575666293791606	9.323605488661915	14.740276282867214	4.147261398010523	4.147261398010523	17.199777103428193
390.0	5.156133637347483	5.57323578688996	9.637953862840877	7.524141957681801	4.4818202254933945	4.4818202254933945	20.086712533641663
391.0	5.798699074951871	5.570410128167416	9.856002987906331	13.558734660350572	4.05730391295446	4.05730391295446	16.46171504207557
392.0	4.760838450767222	5.568518320573557	9.975574189078051	7.811502466993943	5.214735738310829	5.214735738310829	27.193468820416182
393.0	4.084807044370219	5.566166494478889	9.995472750438918	13.089430677300815	5.9106657060686985	5.9106657060686985	34.935969088896584
394.0	2.061028482211683	5.570156937003295	9.915499852141402	13.667112838156534	7.854471369929719	7.854471369929719	61.692720501045635
395.0	0.8436333563014694	5.57391206040782	9.73645455694978	15.34636859529789	8.892821200648312	8.892821200648312	79.08226890670008
396.0	0.06386796695627955	5.575908314181445	9.460125826269081	12.284314577222165	9.396257859312803	9.396257859312803	88.2896617586976
397.0	-0.2149011720510025	5.57568078469338	9.089274645434138	12.233393658102806	9.30417581748514	9.30417581748514	86.56768764267527
398.0	-1.7916071228769421	5.578209134131049	8.627606436856752	0.5429854933519938	10.419213559733693	10.419213559733693	108.56001120333846
399.0	-2.855282151837003	5.580268661170772	8.07973403666981	8.482191372663717	10.935016188506813	10.935016188506813	119.57457904290607
