t,obs_1
1,-0.09179467248321256
2,0.2822416658728608
3,0.9679900581363361
4,1.0251173163636056
5,0.9521275124743899
6,1.7642759942649135
7,1.6031165980926576
8,2.1257708252582157
9,2.5819718149769377
10,2.483045162768911
11,2.6704635914254955
12,3.0383662136394025
13,3.5541619640179665
14,3.7958128659513473
15,4.233324819885947
16,3.870898702964808
17,4.20308200407054
18,4.324186580698518
19,4.714504481670599
20,5.177696343281125
21,5.288135323812222
22,4.639694723051297
23,4.95090984617466
24,4.468482478723852
25,5.057654241402286
26,5.696804510308104
27,5.04111538028228
28,4.389828936520721
29,4.773225540919365
30,4.377877547517743
31,4.619284710937592
32,4.064843182891508
33,4.685709964222891
34,4.795645012253165
35,4.62860910009031
36,4.0329638280280244
37,3.6369794634539803
38,3.709084792704099
39,3.452645201594563
40,2.897703795842812
41,3.2109446439407328
42,2.866369386021842
43,2.34883566006103
44,2.300767778132138
45,1.881822470398541
46,1.2162168148721446
47,1.2745593100085406
48,0.5844021254786976
49,0.883806755847323
50,0.3024027655616712
51,-0.16934139236921764
52,-0.13222578468198004
53,-0.18539566616731123
54,-1.0570461584973225
55,-1.1673373060475276
56,-1.6171360604925866
57,-2.0048381742498393
58,-2.3687036085491457
59,-2.622873489240778
60,-2.9481557298769765
61,-2.8930001735678186
62,-2.9232449238229004
63,-3.581326544042753
64,-3.6958121402193598
65,-4.032323338847088
66,-4.076940929625201
67,-4.031812939371457
68,-4.817918503547241
69,-4.6367587173265665
70,-4.459277274275782
71,-4.649833485711068
72,-4.888349628184126
73,-5.517985949053169
74,-5.124548902386472
75,-5.080640967463816
76,-4.9974476974001405
77,-4.958580885174651
78,-4.979832587035453
79,-4.577455017872499
80,-4.6177712038628105
81,-4.750096059209288
82,-4.266173526277557
83,-4.517564832950164
84,-4.287043567960862
85,-4.03166349335098
86,-4.087672999235891
87,-3.893483804008761
88,-3.3055565167404835
89,-3.695767003211559
90,-3.137774103465926
91,-2.7436341366401473
92,-3.0485191620675294
93,-2.2214303094681154
94,-2.7637710827927626
95,-2.4835989542723675
96,-1.3833006387178772
97,-1.7189900214278837
98,-0.9342897744579473
99,-0.2101204262942622
100,-0.5226962449128618
101,0.5905813456652956
102,0.17856061935035572
103,0.904416503218005
104,1.2549952240669635
105,1.0769818718486026
106,1.7565841373712132
107,1.6208720976174829
108,2.196213708758364
109,2.343608631781788
110,2.3821624373805883
111,2.772716463268469
112,3.6173137044541397
113,3.1872912119112278
114,4.057706200564622
115,3.8315849512792934
116,4.2107038618903845
117,4.507976702874701
118,4.168433510887838
119,5.218425692936259
120,4.666192919769277
121,4.594728702362637
122,4.8919637545822825
123,5.395640957219607
124,5.330685942437959
125,5.059966942458912
126,4.720589736825328
127,5.346408911985071
128,4.658487645608763
129,4.860348882066088
130,4.853846398946898
131,4.441383442590642
132,4.964054655249671
133,5.04428377301626
134,4.36285279735404
135,4.325784336787806
136,3.8713264583347997
137,3.818830263579916
138,3.894627298646737
139,3.486462821454523
140,3.607508874377948
141,3.094711372730444
142,2.7400442009833768
143,2.402037502147241
144,2.0922853696477213
145,2.1480381836433926
146,1.6993118921662245
147,1.7137928455259028
148,0.2823847450602881
149,0.821145604790692
150,0.31765413414415783
151,0.325001296063722
152,-0.057536011170476464
153,-0.03355413165697341
154,-0.6930943458136197
155,-1.5603579952749373
156,-1.1538306616760425
157,-1.853278147415684
158,-2.0275848189135344
159,-2.0056365343968547
160,-2.9620774872350926
161,-3.0080130598655024
162,-3.3596533267189654
163,-3.4755748009152563
164,-3.6670747454102752
165,-3.890864774312823
166,-3.9596467425609982
167,-4.11128881580102
168,-4.720587717752184
169,-4.227055247505033
170,-4.5705476076295
171,-4.979331372671369
172,-4.333297566966807
173,-5.166076944619632
174,-5.127048656200323
175,-4.914448268112553
176,-4.9230533189208066
177,-5.106769653442152
178,-4.918263317864024
179,-4.780497350422739
180,-4.79722986142003
181,-4.826366667129164
182,-4.809788478717779
183,-4.4547617914470425
184,-4.34419090595833
185,-4.247624388553695
186,-3.997680343062332
187,-3.769502760265436
188,-3.332819224168904
189,-3.405451110875239
190,-2.922929956031528
191,-2.864203087322688
192,-2.6713567056227974
193,-2.1873394250736924
194,-2.273296230318806
195,-2.1972692662102173
196,-2.19778343561968
197,-1.432886516179259
198,-0.9274178821362083
199,-1.0447065386211507
200,-0.09866911216927701
201,0.32484419976152684
202,0.11120570785287781
203,0.6161974073942367
204,1.547459247644373
205,1.0658013891600504
206,2.045974493200555
207,1.5794672361851663
208,2.310052458225304
209,2.1202928867320803
210,2.673466452973842
211,2.135908664514252
212,3.4325912374191976
213,3.4291113306205308
214,4.0498254094714365
215,3.897333305775635
216,4.416252609941161
217,4.516395818615049
218,5.087969014556619
219,4.572090015641335
220,4.536933435408116
221,4.7022621452202795
222,5.289889700194325
223,4.750903144254879
224,5.039577587827001
225,5.485414047168365
226,5.179099383849537
227,4.902035689228323
228,5.292911987808886
229,5.170175094216189
230,4.71881549289448
231,4.852853120625615
232,4.6728413516948555
233,4.509149435141688
234,4.865530055356718
235,3.9758677101562183
236,4.087126451385247
237,4.18936943220936
238,3.6730025914782267
239,3.3154915433846215
240,2.8146008200233
241,3.1351392803189513
242,2.9625649582671683
243,2.612554907022447
244,1.6708356191393865
245,2.3631901837556666
246,1.3536595214437754
247,0.891569431195733
248,0.44228764226292927
249,0.5331396605904206
250,0.31950067827889606
251,-0.21395445214126735
252,-0.6043465608757079
253,-0.9635388278083832
254,-0.8267042562711365
255,-0.9971078015297041
256,-1.6621267712931127
257,-1.9149539900673669
258,-2.2619147736891327
259,-2.296281592732646
260,-2.3009280551627125
261,-2.595091078970613
262,-3.208116598415761
263,-3.4613367599219744
264,-3.5699789833296225
265,-3.679570913284759
266,-3.5679091675762935
267,-4.292233547442623
268,-4.526376486527441
269,-4.786042118372465
270,-4.435342388274812
271,-4.614080234413373
272,-4.9000338720509875
273,-4.727953342583035
274,-5.000841949415708
275,-5.031158716300286
276,-4.866843202422569
277,-5.243938117230255
278,-4.932305448470996
279,-4.771632969157786
280,-5.122193730198305
281,-5.072357212537317
282,-4.21579752881082
283,-4.905139590589014
284,-4.842562608769793
285,-4.261966333932314
286,-4.363173692141585
287,-3.6790441558300846
288,-3.5318835909695445
289,-2.989286378825813
290,-3.551279826254754
291,-3.124777070225933
292,-2.619077985997811
293,-2.065100744171821
294,-1.9185378033794573
295,-2.6049200865847317
296,-1.3840453588992458
297,-1.423083606803535
298,-0.934601532172948
299,-0.9095371058947583
300,-0.3652351077592388
301,-0.21598482858082296
302,0.5728881871545508
303,0.5486512631608638
304,0.4066969719387892
305,1.7982105148053713
306,1.5938439492458416
307,1.4703742436507459
308,2.1744135550229737
309,2.1027332677156005
310,3.0191695621068293
311,3.0398596108010745
312,3.450787889810741
313,3.7270713516889247
314,3.5976718116807302
315,3.8117001059453717
316,3.774028545545086
317,4.189107364734576
318,4.4096659185052784
319,4.398242863185299
320,4.547860086405892
321,4.633537723457663
322,4.883146206130017
323,5.011358222770752
324,5.237102378690857
325,5.00949042592512
326,4.913535784158791
327,4.917127082830837
328,5.030424955434025
329,4.846090970184368
330,4.310792234494385
331,4.526656365340167
332,4.855542436445405
333,4.305910806077692
334,3.963068554471521
335,4.272819713311546
336,4.090044119072939
337,3.727773693698507
338,4.380742786677152
339,3.386017150718411
340,2.771097759528813
341,3.2397473138455153
342,2.598384713400146
343,2.6065737096015886
344,1.4533213152182105
345,1.6801280149325484
346,1.235971376193259
347,1.4129679088963494
348,1.141370386200275
349,0.49634928341877926
350,0.2869566951658232
351,0.12407703312325088
352,-0.21066643658739093
353,-0.7267711669045396
354,-0.9595639429538382
355,-0.6784561016465583
356,-1.7717773914824568
357,-1.8263291172996339
358,-1.592801709792059
359,-2.3295183228384992
360,-2.84646913809761
361,-2.7907560906537032
362,-2.439909790597984
363,-3.1074035642261433
364,-3.422567807818648
365,-4.347183281130754
366,-4.44817439864015
367,-4.342337812810315
368,-4.0852127481443
369,-4.27347609320797
370,-4.862878415034843
371,-5.014298263410994
372,-5.214857169142416
373,-4.439611496828481
374,-4.952214032984107
375,-5.033926277546979
376,-4.610267159907872
377,-4.9756889862519635
378,-4.403055500796182
379,-4.624715642622782
380,-4.693736763864658
381,-4.332944189206564
382,-4.922996662172024
383,-4.610658685134148
384,-4.452245287947814
385,-4.450048320603473
386,-3.740153826068883
387,-3.9986584376349454
388,-3.7753555599237147
389,-3.5939328784564135
390,-3.2837060381586936
391,-2.8607389024256267
392,-2.8736028439667107
393,-2.4659787995474263
394,-2.0010897902548375
395,-1.924012222977678
396,-0.8452694105664947
397,-0.7747921852355881
398,-1.141767018988978
399,-0.8439534999827056
400,-0.39802114920182796
401,0.39366940817359075
402,0.3770337833021291
403,1.0686973087060274
404,0.7628516559574111
405,0.874751284495003
406,1.936976028933191
407,2.1708068315531373
408,2.2297965614009168
409,2.555980181233064
410,3.2130939481392615
411,2.5663419122891726
412,2.987647339754491
413,2.627971036605252
414,3.551020884009548
415,3.723818961210816
416,3.9514129933201882
417,4.735309985085501
418,4.155997499295106
419,4.359760466156995
420,5.625235706753888
421,5.4777125241112286
422,4.952991972661893
423,5.059925550391302
424,5.431459566791789
425,5.0036910618988655
426,5.427445866994258
427,5.068052141680177
428,5.118096295004154
429,4.676444784593327
430,4.992047756469251
431,4.570979266149131
432,5.288559078476015
433,4.733590159729705
434,4.336752029825067
435,4.4684445093038985
436,4.247094389139295
437,4.022018257133776
438,3.541675024640091
439,2.849422414814984
440,3.0126234453976366
441,2.776837934871894
442,2.619973127615925
443,2.5585648235588194
444,1.8105877619239517
445,1.7374311993660945
446,1.8722731264215127
447,1.5114242822879635
448,1.0943131716298082
449,0.5040157704712003
450,0.5144959829164887
451,-0.18930034901071893
452,-0.21558186216960012
453,-0.9719622013047033
454,-0.729490817207461
455,-1.623248145979302
456,-1.3230549697556784
457,-1.7721596959130956
458,-2.4127238372917263
459,-2.427596608686965
460,-2.965561724707807
461,-3.0304565888141997
462,-3.0975505236512157
463,-3.9170920703217096
464,-3.7526183904842654
465,-3.856359170280024
466,-3.9628282681206537
467,-3.970129453898813
468,-4.38619235212737
469,-4.8480750783928235
470,-4.569865584765548
471,-4.979158584140355
472,-4.603065923448551
473,-5.092036279580488
474,-4.738719514883805
475,-5.2461966087382566
476,-4.678625760336161
477,-4.99699604398669
478,-4.8661681725833805
479,-4.75918899126728
480,-4.641438097124407
481,-4.567257889612508
482,-4.552355893651002
483,-4.112173228971363
484,-4.118240007215666
485,-4.414839747009503
486,-3.955907143172339
487,-4.026998292425092
488,-3.7199766630325968
489,-3.54129443889681
490,-2.8270036974763135
491,-2.9256640144879387
492,-2.8126188916202284
493,-2.250651381284344
494,-2.5427866580236103
495,-1.681322305637072
496,-1.2547213689293901
497,-0.952934944484747
498,-1.0260129411794252
499,-0.5878536493422332
500,-0.11599677832174166
501,0.27529596139091556
502,0.40985651980277116
503,0.09588786080039402
504,1.3703197759754717
505,1.1466846219117468
506,2.1267666859319374
507,1.533557886591642
508,1.972209346891197
509,2.0483289721127136
510,2.467486652265821
511,2.647380949335623
512,3.1523037026357366
513,3.1486400114158206
514,3.886235547923665
515,3.4858192201663716
516,4.160603318371759
517,3.8552839123513167
518,4.633212686393279
519,4.8224715253348185
520,5.0062495728256655
521,4.955433215601957
522,5.431853430226764
523,4.64709297912628
524,5.3733403132865805
525,4.937127515517002
526,4.926945153784646
527,4.953340379517137
528,4.7073584883387705
529,4.826581051399268
530,4.528798877532821
531,4.614535481835284
532,4.899902508268007
533,4.79069445430167
534,4.512734657730032
535,4.096596575884983
536,4.2011634709898535
537,4.087402564908348
538,3.4574297885737524
539,3.507413688401308
540,2.9376966552534545
541,3.34136235384598
542,2.3825188451281414
543,2.4255644026282663
544,2.2843278553486535
545,1.9584903549548842
546,1.8980993834846425
547,1.5938126342206052
548,0.89156085985572
549,0.8100934258684998
550,-0.04028429375410991
551,-0.15698852253552134
552,-0.26723459626048257
553,-1.1571132779944087
554,-0.911154713604195
555,-1.5643700303570716
556,-2.0003297097591677
557,-1.6655585341089718
558,-2.466796824801923
559,-2.309442937985773
560,-2.7594128851289934
561,-2.7875992010354924
562,-3.666252739199304
563,-3.2721555405971903
564,-3.6732764824350004
565,-3.607502146364272
566,-4.572209414101972
567,-3.917136916990751
568,-4.523027557190167
569,-4.805284996357463
570,-4.803687260955254
571,-4.954869174464151
572,-4.786318345578521
573,-4.699732494976249
574,-5.272843556790509
575,-5.128818159826421
576,-4.999320492150219
577,-4.976566841318388
578,-5.152152153608517
579,-4.1734061306786705
580,-4.401363035342941
581,-4.599152332050911
582,-4.0899724428586675
583,-4.764448840712653
584,-4.452969983860701
585,-4.0395212733699495
586,-4.477924507325878
587,-4.1447553893515305
588,-4.086205135604521
589,-3.460258976302166
590,-2.9190977928563773
591,-2.8069392114571023
592,-2.9707139310209945
593,-2.205069529314872
594,-2.2042774727982724
595,-2.2706971406107206
596,-1.3528607669843078
597,-1.4355353217439892
598,-0.8534996799636978
599,-0.6628354053266584
600,-0.20909072253267602
601,0.3163282103648251
602,0.6347617083214043
603,0.5682593513002562
604,1.0605158569695143
605,1.0650181204135476
606,1.4633749795806783
607,1.7230244306923976
608,2.062797465458031
609,2.5126502991470105
610,3.009782860120107
611,3.48896100298091
612,2.714171030926421
613,3.1774682695316234
614,4.182303470206653
615,3.816556346538449
616,4.130793794769627
617,3.795438220812448
618,4.484620834581874
619,4.513941169922081
620,4.757734523137202
621,4.414339067800665
622,4.717862629384423
623,4.996268577692447
624,5.3783517603407285
625,5.400122053999307
626,4.682052603488637
627,4.795894820538078
628,5.158408108802248
629,4.852179596819765
630,4.807932653510402
631,5.049599786849799
632,4.499374773994544
633,4.044710224876361
634,4.429867427746286
635,4.094116551812373
636,3.897905559332683
637,3.785134908846102
638,3.92000525922844
639,3.667798820417291
640,3.428261377182312
641,2.4615432518605598
642,2.458454709030761
643,2.4152905693383686
644,2.513361701007515
645,1.770263765042936
646,1.4701289439554397
647,1.3736128258451799
648,0.8208927495605169
649,0.6577117291194325
650,-0.17195112585446048
651,-0.10565185238574541
652,-0.8581106691824301
653,-0.38955012824839474
654,-0.893695921842703
655,-0.8563279369702452
656,-1.0759825025086782
657,-1.959224786962007
658,-2.486041779459762
659,-2.014775394178603
660,-2.820943076582648
661,-2.548231023074976
662,-3.2074193578096626
663,-3.4753939025828284
664,-3.79684616462339
665,-3.7496542516505547
666,-3.9820399366086927
667,-4.439576155223923
668,-4.2385436432704156
669,-5.000256516957839
670,-4.27121433697072
671,-5.32910047657152
672,-4.799310326050305
673,-4.574560891408444
674,-4.736158342710954
675,-4.5411631730293305
676,-4.81279799930246
677,-5.1353802588129565
678,-5.440773473879018
679,-5.0056567940734125
680,-5.195914477033834
681,-5.1309546231109815
682,-4.7223078805302725
683,-4.85280763684607
684,-4.0247003226989975
685,-4.601290204271199
686,-4.096792640766852
687,-4.442439101593083
688,-3.672404785784332
689,-4.0632599977499915
690,-2.819988985219551
691,-3.0120090417338
692,-2.6556180494485018
693,-2.8462065207881446
694,-2.3721355979591343
695,-1.583837381003047
696,-1.5613421675290533
697,-1.053013869831319
698,-1.447901415286819
699,-0.22283645119646084
700,-0.4397983376349661
701,0.014279744036070088
702,0.02266780584966016
703,0.770703148015663
704,1.2791294295460847
705,1.4375950291297614
706,1.5578135721651893
707,1.7572482507993994
708,2.5548936389576915
709,2.8861814432098183
710,2.291267030255388
711,3.0784518732372916
712,3.597294527651151
713,3.4074045629610756
714,3.76510007540373
715,3.9070967525958653
716,4.1406745427050495
717,4.22227354738454
718,4.367240288011179
719,4.500486978160097
720,4.7876377060749
721,4.685821238260372
722,4.772704743515625
723,5.385597106534313
724,5.039012235411205
725,5.098837581579347
726,5.115006339588738
727,4.990879860329144
728,5.291976290212117
729,5.028879207801693
730,4.644602565580975
731,4.291675680831732
732,4.865635680005429
733,4.715448207939388
734,4.233568679118328
735,3.3464008929026345
736,3.9742968416138744
737,3.5228153167777396
738,3.1901346608849526
739,3.6635772892726446
740,3.337789187021927
741,3.075562414240468
742,2.329531441697996
743,2.5618923689689637
744,1.8067435406753194
745,2.0228963767678283
746,1.9801779832449515
747,1.4318058719228546
748,1.251947205597083
749,0.8589192942004389
750,0.34755863434083434
751,-0.04942420560952278
752,-0.6300924714480318
753,-0.6384142862419538
754,-0.478301073653348
755,-1.103807850265221
756,-1.1035975453064588
757,-2.6539781347454823
758,-2.0631806823332446
759,-1.8577130119206577
760,-2.688580007172155
761,-2.379377298664526
762,-3.0765305892863672
763,-3.012667078713898
764,-3.76853967539605
765,-3.548721541480397
766,-4.285157316894077
767,-4.313883755600952
768,-4.390604266424795
769,-4.535091643718293
770,-4.8327145304798504
771,-4.952495097060359
772,-4.654577572508856
773,-5.186206347566701
774,-4.995539082351351
775,-4.979150852115685
776,-4.935374321577779
777,-4.99264245949496
778,-4.303722038901602
779,-4.890838571112712
780,-4.523497695565288
781,-4.725122426449368
782,-4.801805410061875
783,-4.741780769027042
784,-4.618174702375115
785,-3.93513744219052
786,-4.0512965624970985
787,-4.019274776032159
788,-3.7175214641118575
789,-3.7387170612197256
790,-3.451504028881997
791,-2.512705169180408
792,-2.585279966703856
793,-2.1757010242483705
794,-2.041651381107545
795,-2.0442250865853615
796,-1.6517760656052305
797,-1.5637548266289651
798,-1.0536929744715242
799,-0.3366593730070014
800,0.1578607991293821
801,-0.06951164551338193
802,0.18481670904222755
803,1.0798109930524782
804,1.723663364855752
805,1.39238343196572
806,1.4682718422537375
807,2.0006485817198714
808,2.417925467710881
809,2.1573674716822895
810,2.4128289105027747
811,3.2602586075999773
812,2.8860262405954162
813,3.443622707828489
814,3.427443695215589
815,3.863084592930182
816,4.550616473863573
817,4.4373260184910555
818,3.5792110388826366
819,4.546756998157436
820,5.304724819919243
821,4.232138670641046
822,4.909124798555422
823,4.992642922733478
824,4.941603875079755
825,5.36083536259665
826,5.092016732401257
827,5.082109670762997
828,5.204605029729846
829,4.472415661358843
830,4.556354097927473
831,5.006860505577498
832,4.594616896322679
833,4.308863211448189
834,4.465496145890321
835,4.581819776809519
836,4.040512550565219
837,4.0147557514351675
838,2.9834148949059474
839,3.584688384563867
840,3.5167989736642524
841,2.474748382706147
842,2.944281902979928
843,2.6535617960986198
844,1.6144302239814647
845,1.51358718737713
846,1.331139421765589
847,1.4662654220017473
848,1.3626236463473749
849,0.8222282627345876
850,0.30458336434524
851,0.04238536912423246
852,-0.49275948499290223
853,-0.32404296665388654
854,-0.5544213935856162
855,-0.8587336795104606
856,-1.9234975459872738
857,-1.7020651927903763
858,-1.5969595032427786
859,-2.0755843971265766
860,-1.8562280077222217
861,-2.7073522029620922
862,-3.2486209613346064
863,-3.3180901719781626
864,-3.3306340983737073
865,-3.787392238264539
866,-4.388601842661918
867,-4.654752225944303
868,-4.10066662180385
869,-4.664683132743187
870,-4.7104516415805255
871,-4.880286860312678
872,-4.377666472186957
873,-4.676658602049494
874,-5.252243637234645
875,-4.814337548768166
876,-5.3735893411297715
877,-5.044907697418051
878,-4.868431437978398
879,-4.6185125244733225
880,-5.184708785327883
881,-4.442796009898657
882,-4.633068340604107
883,-4.961398809261733
884,-4.603424126694322
885,-4.241004573432462
886,-4.002828721033215
887,-3.636264305999547
888,-4.052907060028175
889,-3.3209092457841805
890,-3.5682722589548117
891,-3.3481741623059342
892,-2.809225389373207
893,-2.1001076999463915
894,-1.5776486196331982
895,-1.9536559463388488
896,-1.452810179399718
897,-1.5959907263056008
898,-0.6581284594027432
899,-0.7206472429534294
900,-0.34810113369789103
901,0.06438471967007463
902,0.08831199795095673
903,0.8041233935859474
904,1.0806316437028973
905,0.7583094775417669
906,2.1168993762422117
907,1.903571823730761
908,1.8961269304982131
909,2.0140602940474617
910,3.0484481064227102
911,2.7933517397991405
912,3.210722853111985
913,3.3577598936154964
914,3.3469733710254093
915,3.8453804886506604
916,4.117809763352035
917,4.233565691741252
918,4.547195229208865
919,4.670952327952727
920,4.288669778762068
921,4.481428887448164
922,4.098112980832363
923,4.868936208628172
924,4.551347901311113
925,5.0609295322572345
926,5.491329809407562
927,4.935186668625453
928,5.331699353608298
929,5.1690000221906045
930,5.014931520687134
931,4.93539153497252
932,4.549260380186786
933,4.451080042447051
934,3.9253505468316527
935,4.516388382504907
936,3.859685369153586
937,3.86066633077445
938,3.6051061536878786
939,3.5737965504637574
940,3.411065222699937
941,3.1885153173974023
942,3.3179598717266274
943,2.7770176460948095
944,2.5742602800174916
945,1.9964676295589932
946,1.4644737454130972
947,0.9832434761746075
948,0.9994034850463915
949,0.9202785265634081
950,-0.6072105084206703
951,-0.2301197871206718
952,0.10403914655265428
953,-0.4324895010338715
954,-0.24230551693747127
955,-1.3614444615036951
956,-1.4892347228836011
957,-1.317239266013413
958,-2.175916189253279
959,-2.1695428024230545
960,-2.729413637470522
961,-3.214607798298678
962,-2.521900163495943
963,-3.702159742855415
964,-3.3646178732587897
965,-3.5593522110444455
966,-4.050698526028543
967,-4.3659119928543575
968,-4.348287577675859
969,-4.507757820804869
970,-4.747328748572946
971,-5.1803796058887475
972,-5.278301700284035
973,-4.760216291102284
974,-5.09376518315208
975,-5.170678429931755
976,-5.059757299604379
977,-4.352565438518327
978,-4.969956326025259
979,-4.856833607604859
980,-4.58645012869726
981,-4.483005945956474
982,-4.920802191760296
983,-5.054528578709693
984,-4.139551836195924
985,-4.1519796195442655
986,-3.785368354935866
987,-3.9551749799358022
988,-4.386735964116912
989,-3.3420577783706653
990,-3.149001917476955
991,-2.700990218957693
992,-3.004014353336197
993,-2.3172410305401936
994,-2.140498644026224
995,-1.375828557955101
996,-1.4271488658949434
997,-1.2390929964168258
998,-1.4482683407342676
999,-0.694453563224985
1000,-0.2577920016883346
1001,-0.1187988154386059
1002,0.635905055903202
1003,0.930735517661917
1004,0.9722531022057914
1005,0.9891315535438318
1006,1.2226960839155858
1007,1.880638114069233
1008,2.016376950475098
1009,2.2739703474049198
1010,2.8132148588262185
1011,3.309751578663424
1012,3.741238499997482
1013,3.5722543220141403
1014,3.58757550878265
1015,3.6404017211651887
1016,3.9583742359280056
1017,4.538442360985869
1018,4.915897968779131
1019,4.93146959785613
1020,4.29198652632731
1021,4.549757639336235
1022,4.913526695170932
1023,4.801541926333808
1024,5.115234184856415
1025,4.564990667671496
1026,5.358033948702294
1027,5.103877571295037
1028,5.1336019996592075
1029,4.53396635117916
1030,4.989916793276038
1031,4.596943939862054
1032,4.897619810780853
1033,4.482823876301549
1034,4.788556596360112
1035,3.6346211289989077
1036,3.5651213729143407
1037,3.707834468729979
1038,3.361881312783538
1039,3.4577838656325217
1040,2.9341686335533015
1041,3.276309025652695
1042,2.8475917025803685
1043,1.6745018795100237
1044,1.9199453076939135
1045,1.9927237785319838
1046,2.0663186377790983
1047,1.0068286837041382
1048,1.605110419048067
1049,0.649383645457055
1050,0.6351109899208198
1051,0.03481637813625434
1052,0.03022380101497274
1053,0.11229381969358543
1054,-0.6397519156873519
1055,-1.916060705407586
1056,-1.1774046846395245
1057,-2.241423999763879
1058,-2.2971956649346152
1059,-2.3576603648259744
1060,-3.068096254556941
1061,-2.801979775878537
1062,-3.0675301662939582
1063,-3.686414137327702
1064,-3.469113285343141
1065,-3.638189229910016
1066,-4.46324564278109
1067,-4.214141678760481
1068,-4.50902380635502
1069,-4.737739380847086
1070,-5.381477343273624
1071,-4.372216682409843
1072,-4.983974348413943
1073,-4.895210348644529
1074,-4.862660714877533
1075,-4.720288118749613
1076,-5.405096398343679
1077,-4.930230099254103
1078,-5.535447601744907
1079,-4.663919438578137
1080,-4.892473479863312
1081,-4.86601264246862
1082,-4.879075958237739
1083,-4.754706425212192
1084,-4.658657377509309
1085,-4.458460867331458
1086,-4.152509991266125
1087,-4.086108046604346
1088,-3.7127062097284322
1089,-3.8652503519746215
1090,-3.378888111408611
1091,-2.617425673241468
1092,-2.998540724802087
1093,-2.2381435276151738
1094,-1.880976926501857
1095,-2.0726337400697123
1096,-1.737235210350681
1097,-1.7492987134398947
1098,-0.8132623063596411
1099,-0.10341790263927952
1100,0.10246037001418384
1101,0.12078242383306968
1102,0.30218563846878305
1103,0.8883626647219212
1104,1.4812127803544963
1105,1.3062327992421756
1106,2.123289769495379
1107,1.9332590873597533
1108,2.2325359729961836
1109,2.4106547761631467
1110,2.837237123560826
1111,2.669621237410211
1112,3.0927563188670417
1113,3.533722412771946
1114,3.019471844667394
1115,3.9818982024088703
1116,3.902100990923885
1117,3.931329588487069
1118,4.472134943685834
1119,4.255512606555881
1120,5.31342383282799
1121,4.670875775879408
1122,4.5770223650368065
1123,5.05799102351983
1124,4.887990710074541
1125,4.918222827906098
1126,4.939276851002469
1127,5.416006629696748
1128,4.714194950952005
1129,4.571160446302104
1130,4.988321570923872
1131,4.883216671383941
1132,4.544560076246676
1133,4.548639134010145
1134,4.673671804212175
1135,3.9267917007888293
1136,4.128125870894212
1137,3.7030556970150763
1138,3.6549855082433873
1139,3.366519878525599
1140,2.765641473355494
1141,2.73800092032467
1142,2.582667364551354
1143,2.5102316284319155
1144,2.478221742303227
1145,1.8592813615486259
1146,1.3762636108588362
1147,0.8282098202689501
1148,1.1184516328152778
1149,1.3687389948194983
1150,0.2853491431908515
1151,-0.38001119554875495
1152,-0.19645545079862142
1153,-0.7342047979582519
1154,-1.03900915033551
1155,-1.2616498665681972
1156,-1.5773487017906058
1157,-1.7387910058472276
1158,-1.8599282446931122
1159,-2.516836276154619
1160,-3.273729463236454
1161,-2.909361347188569
1162,-2.9072464865215397
1163,-2.99496738560849
1164,-3.685583156892049
1165,-3.816087203026489
1166,-3.3517926937066074
1167,-4.38265356135808
1168,-4.828408303840278
1169,-4.3232235107687735
1170,-4.7882799652477805
1171,-5.239043449333978
1172,-4.667652420012872
1173,-4.759394345555702
1174,-4.949711902143283
1175,-4.892415261728227
1176,-4.655519093593426
1177,-5.428432496772044
1178,-5.132923836487702
1179,-5.157342611825141
1180,-4.521169159671006
1181,-4.741021751683709
1182,-5.020680032857852
1183,-3.8389789546842397
1184,-4.5036786137492975
1185,-4.353988358262597
1186,-4.087470930834721
1187,-3.9233441128870523
1188,-3.2851589391995772
1189,-2.943519212090869
1190,-3.1225236366808304
1191,-2.777338988435066
1192,-2.530821363435222
1193,-2.595712023307537
1194,-2.1231035595781695
1195,-1.3764756681714356
1196,-1.5187787156418417
1197,-1.3759447822757989
1198,-1.1329823772795438
1199,-0.19642241605510652
1200,-0.18981624991392282
1201,-0.33951338969412675
1202,0.4999540401363515
1203,0.7329993963653382
1204,0.5797360958130497
1205,0.974958442566142
1206,1.903361991014624
1207,2.079823287351125
1208,2.122033552461442
1209,2.2928622847546016
1210,2.9673861168019404
1211,2.584127766814957
1212,2.7760561887506254
1213,3.4995669702841146
1214,3.4429887899226808
1215,4.122248099074323
1216,4.3633176351833844
1217,4.131825736831721
1218,4.15219767237129
1219,4.76406349017046
1220,4.545135280288254
1221,4.605405614982446
1222,4.606207787376199
1223,4.965067774627292
1224,4.5648384911864985
1225,5.214961067974476
1226,5.033167596220072
1227,5.318115258334616
1228,5.519521887098667
1229,5.003134464975155
1230,4.942820150878135
1231,5.142215863068235
1232,4.500609359713945
1233,4.720288735909097
1234,4.219721614996201
1235,4.452879379805752
1236,4.068069373504851
1237,3.9378446751574776
1238,3.9204176113196008
1239,3.9265443565207554
1240,3.2873500727509666
1241,2.6959203589116956
1242,2.8029976422665657
1243,2.0306413738828675
1244,2.0933482170715214
1245,1.6158181261483846
1246,1.1373034764922738
1247,1.4553031589892154
1248,0.8560910725526804
1249,0.8890744792681168
1250,0.4121442218674633
1251,-0.21032894303283267
1252,-0.21192909849957753
1253,-0.7361692599661932
1254,-0.7834960670062416
1255,-1.4373828613831157
1256,-0.895119417452419
1257,-1.753880324435424
1258,-2.5852823643117326
1259,-2.486473537770296
1260,-2.2275227292526476
1261,-3.335255184462644
1262,-3.8877705391671977
1263,-3.067862671808956
1264,-3.438337172306412
1265,-3.6351561981744513
1266,-4.468364538749529
1267,-4.0798878468604345
1268,-4.167240997586185
1269,-4.853290176919362
1270,-4.516531475203521
1271,-4.935087770201909
1272,-4.806437845052153
1273,-4.8203874598418315
1274,-5.155744381089307
1275,-5.082014497024408
1276,-5.060933149810635
1277,-4.922882066561333
1278,-5.243214922520957
1279,-4.894917723707848
1280,-4.483628776849907
1281,-5.358929409810137
1282,-4.510427839054516
1283,-4.125956604107557
1284,-4.913515869326173
1285,-3.991522030601356
1286,-3.7617534121909832
1287,-4.062960468271801
1288,-3.5749446625198793
1289,-4.042737395406968
1290,-3.3238730805924637
1291,-3.60714233395903
1292,-2.399640104927055
1293,-2.5054980283057606
1294,-2.0829549423351383
1295,-1.7895952462672777
1296,-1.6566977187968666
1297,-1.512224493640306
1298,-0.7946717642312736
1299,-0.3629636247504228
1300,-0.48919623287742975
1301,0.5249128712686593
1302,0.19145455431592281
1303,0.5595006275650194
1304,0.9672861149108443
1305,0.8835892748524916
1306,1.9531880684675857
1307,1.5909806761705063
1308,2.1245581958892035
1309,2.6517487424678357
1310,2.3682289157901675
1311,2.8287592199074534
1312,3.5233740417155777
1313,3.4860194169178036
1314,3.510678850741396
1315,3.8920380289097634
1316,3.870228133186617
1317,4.086539890036347
1318,4.340507512960422
1319,5.007066340989714
1320,4.986433091568272
1321,4.312872086148426
1322,4.4667022352581345
1323,4.4969813878397416
1324,4.708235221597698
1325,4.848879191918794
1326,5.363190642426985
1327,5.321202058808615
1328,4.9622446990702285
1329,4.589841457068239
1330,4.822345741178041
1331,4.905959656774817
1332,5.111978972873132
1333,4.797385006923084
1334,4.204052892114404
1335,4.2550166837100365
1336,4.057802109336531
1337,3.675424803215711
1338,3.3902691324769814
1339,3.3677889047137874
1340,3.7000771951803433
1341,3.097010714757517
1342,2.9835224485278964
1343,2.0733378359356447
1344,2.0772235367596266
1345,2.189772393329411
1346,1.7508152862293176
1347,1.6656002920202093
1348,0.9571302160357102
1349,1.6962790197565234
1350,0.05224097478695838
1351,0.15980640543595573
1352,-0.6836523818295035
1353,-0.45729154151167717
1354,-1.7830551128132177
1355,-1.3194055139850114
1356,-1.694835409976642
1357,-1.6344110752744423
1358,-1.730248256493035
1359,-2.1878942107834454
1360,-2.6099215035032692
1361,-3.438370196067161
1362,-3.190049591383045
1363,-3.9289955923531794
1364,-3.4686168278948513
1365,-4.254683683689463
1366,-3.8131070889382253
1367,-4.077836809840984
1368,-4.406920193823673
1369,-5.006406477016816
1370,-5.0418038288968745
1371,-4.942080095637319
1372,-4.5234538261353245
1373,-4.985382810425953
1374,-4.9054857146245805
1375,-5.231484144978509
1376,-5.1432115321936624
1377,-5.23722260727273
1378,-4.894119080270973
1379,-5.449004635914012
1380,-5.400440043485781
1381,-4.863729354908557
1382,-4.938645844932623
1383,-5.00325479819714
1384,-4.677740640313085
1385,-4.390418103228565
1386,-4.155538693575047
1387,-4.089918673380145
1388,-3.778186206213023
1389,-3.498216964876512
1390,-3.2570244599319804
1391,-3.602985550516108
1392,-2.8163228262998437
1393,-2.5116491068161646
1394,-1.8086522176994964
1395,-2.119229928671529
1396,-1.805862682856813
1397,-1.4205697201516168
1398,-0.7404218917779224
1399,-0.39748341900712736
1400,-0.029926164336794348
1401,0.0757947261556202
1402,-0.015169573812570614
1403,0.6626923375545866
1404,0.7659808635131166
1405,1.3510906634514281
1406,1.5143744020679437
1407,2.280997652683306
1408,2.101824949854562
1409,2.500442716625393
1410,2.411659700871083
1411,2.8628803629965343
1412,3.234489327792918
1413,3.4347210567001683
1414,3.343152657360099
1415,4.884308025120656
1416,3.6601573519619865
1417,3.7581436646639594
1418,4.39985095161167
1419,4.811991223765314
1420,4.22702119897906
1421,4.611268512767126
1422,5.305329448281856
1423,4.619851062703365
1424,5.289462640806281
1425,4.747120870646346
1426,5.382948220352041
1427,4.9528706954166495
1428,4.976059682914253
1429,4.933998143984418
1430,4.729150011529449
1431,4.933529086790245
1432,5.007550876005068
1433,4.86452235228543
1434,4.010321172274296
1435,4.416439795821067
1436,4.025257227489131
1437,3.568024525679176
1438,3.6223318431093894
1439,3.280310568335263
1440,3.4338527291061673
1441,3.0096029919830234
1442,2.8471676888181094
1443,2.8617774918720253
1444,2.6197486495678013
1445,1.6155829612049495
1446,1.284868015418787
1447,1.4346742275555384
1448,1.42026043267957
1449,0.6223993939302104
1450,0.5239064296590136
1451,-0.1310878154576198
1452,-0.9119485214878227
1453,-0.3043556976575133
1454,-0.44695366980246387
1455,-0.9249427605160682
1456,-1.8246695992990922
1457,-1.6559274745881978
1458,-2.269572219363609
1459,-1.8761355313887693
1460,-2.7032399912687515
1461,-3.3153105332478283
1462,-3.0012853834616067
1463,-2.854827369572999
1464,-3.5456320827936696
1465,-3.4239787565267275
1466,-4.138648373898331
1467,-4.463910868262638
1468,-4.629103132373011
1469,-4.457149938431092
1470,-4.966026607561587
1471,-4.964229510784646
1472,-4.876957414292243
1473,-4.528917241102112
1474,-4.80584733256042
1475,-4.791650132853134
1476,-5.452416872446845
1477,-5.114750772388868
1478,-4.698226910235954
1479,-4.669735844817387
1480,-4.4755444877503425
1481,-4.579671844310894
1482,-4.997191850498181
1483,-4.628240166103387
1484,-3.7507164642794004
1485,-4.341214742511916
1486,-3.707427428855105
1487,-4.316927368133232
1488,-3.4982765005127057
1489,-3.5426613714885953
1490,-3.185852650197974
1491,-3.2636888296832867
1492,-2.8142253969768456
1493,-2.6743750035813183
1494,-2.0376899019559027
1495,-1.8329430017651636
1496,-1.5059694859278348
1497,-1.064956898651503
1498,-0.9605552120721561
1499,-0.503548384429464
1500,-0.17495099655864188
1501,-0.16983764123051534
1502,0.26630291644508297
1503,0.4454109762193246
1504,0.32408614976051064
1505,0.803999736240328
1506,1.8997803387168277
1507,2.147155801190474
1508,1.7440533852658247
1509,2.3832347599172983
1510,2.354231593414381
1511,2.95604365137155
1512,3.1025673643135603
1513,3.490650293848813
1514,3.778968879435423
1515,4.1471688054579845
1516,3.8802372099155464
1517,4.2403567666804935
1518,4.976046840453024
1519,4.566916799888621
1520,5.447274857172146
1521,4.972119426601693
1522,4.285274468726877
1523,5.263049664629529
1524,4.795646580321734
1525,5.084980600596246
1526,5.014480500038168
1527,4.3935099955103745
1528,4.967837385048737
1529,5.073638803857866
1530,5.2974652721893944
1531,5.275532633174823
1532,4.964729725911266
1533,4.504786221221872
1534,4.361117280092798
1535,4.662461115099425
1536,4.253678455271702
1537,3.689487037201077
1538,3.613535212989684
1539,3.4654735276250395
1540,3.5067651050566546
1541,2.7139079465546625
1542,3.2917655238191776
1543,2.283979523076739
1544,1.566922418740385
1545,1.8999166554036395
1546,1.6142336242888826
1547,1.0702876162193435
1548,0.7652377047479306
1549,0.20923487530311813
1550,-0.07331993725246022
1551,0.04778648030460237
1552,-0.9031532943016177
1553,-0.5680265697167588
1554,-0.9595751746765802
1555,-1.2767148147564953
1556,-1.5062878398113768
1557,-1.826523779353418
1558,-1.6703911631027877
1559,-2.36098779479971
1560,-3.1312687244571795
1561,-3.285190138176132
1562,-2.9681054261314594
1563,-3.101156832502621
1564,-4.169572250069638
1565,-3.8778574173434284
1566,-3.952845368780342
1567,-4.5438925951065565
1568,-4.9835242939283155
1569,-3.909322827797748
1570,-4.889443714919688
1571,-4.639677302208955
1572,-4.940649347096511
1573,-5.164627950189646
1574,-4.996850838126545
1575,-5.087134548904621
1576,-5.079578964806465
1577,-5.318368153341491
1578,-5.129933405375574
1579,-5.259513138287024
1580,-4.906189478246793
1581,-4.9954353069990605
1582,-4.891214955973573
1583,-4.337178054885661
1584,-4.7770490035601405
1585,-4.529458824165709
1586,-4.029653281709822
1587,-3.779762276411298
1588,-3.647646080087784
1589,-3.5326780183812376
1590,-3.3682008120629394
1591,-2.9510171378586887
1592,-2.8311843803020826
1593,-1.910717619710488
1594,-2.0834059148430817
1595,-1.7917466323396452
1596,-1.5838305189044999
1597,-1.8427779869974146
1598,-0.9778051379471621
1599,-0.9146115385570914
1600,-0.10756136884482287
1601,0.3200078355512721
1602,-0.13257661346922206
1603,1.1839792319546394
1604,0.893873206918886
1605,1.662416675381743
1606,2.0883590548685422
1607,1.9556245013438223
1608,2.14389440769653
1609,2.6481423583520014
1610,3.024584846874984
1611,3.1952006917464915
1612,3.092447601499761
1613,3.572013870973179
1614,3.676054428201846
1615,3.710061202887062
1616,4.341485579659149
1617,4.314008176904312
1618,4.402921584673167
1619,4.479848473617032
1620,4.7949516796642655
1621,5.141168631613763
1622,5.276691307559718
1623,5.068720333127431
1624,5.047059452979948
1625,4.784828712696897
1626,4.437736924584719
1627,5.466860545840597
1628,5.322400272869215
1629,4.6678220414993286
1630,4.8243270976460435
1631,5.314190246741598
1632,4.565548610901726
1633,4.555911255344692
1634,4.080637482270705
1635,4.269076235420344
1636,4.132360925213634
1637,3.743360677681021
1638,3.0900022212831955
1639,2.795277182799059
1640,3.155046073725896
1641,3.121516609713783
1642,2.970917243821706
1643,2.475799464360095
1644,2.360850456748395
1645,1.5297248446812486
1646,1.5101300503726083
1647,1.1604416399054245
1648,0.41647192168242486
1649,0.42440141690565625
1650,0.9734704865009178
1651,-0.08448985536349665
1652,-0.4463355826557247
1653,-0.6965882464403833
1654,-1.1501146336849113
1655,-1.3237843528529964
1656,-2.074635656282271
1657,-1.5570358711533743
1658,-2.076348356322329
1659,-2.037248411222383
1660,-2.692568080595577
1661,-2.803302978648575
1662,-3.7304551215830353
1663,-3.2919146101509282
1664,-3.660885653818758
1665,-3.7545293845417236
1666,-4.482254773099177
1667,-4.405648833378341
1668,-4.540712212808397
1669,-5.2153812356195495
1670,-4.192600243853647
1671,-4.738521746598449
1672,-5.240695822049918
1673,-4.795403525670777
1674,-5.333463630820414
1675,-5.077881287417004
1676,-5.582908514103403
1677,-5.0603732641089385
1678,-5.128155721644771
1679,-4.860622295153035
1680,-4.686833516815045
1681,-4.68488497746632
1682,-4.385593551461448
1683,-4.8542106166305015
1684,-4.055877313710836
1685,-4.731570513786733
1686,-4.436279675394565
1687,-4.356887417501228
1688,-4.020625400035961
1689,-3.8000711600578265
1690,-2.945851463019024
1691,-3.268990868729179
1692,-2.302040010579835
1693,-2.344744649566628
1694,-2.384761801253875
1695,-1.6495387901985747
1696,-1.5908623415905572
1697,-1.2170300655689048
1698,-0.5526099632310932
1699,-1.1436651328560306
1700,-0.47020866754154045
1701,-0.2646609861233509
1702,0.47479593989136293
1703,1.1433265907990968
1704,0.7775584290246447
1705,1.713446876455092
1706,1.2485665488331033
1707,2.0792883566500535
1708,1.9445685784061637
1709,2.396072419852138
1710,2.8920894041882286
1711,3.02770838022719
1712,3.512666014905594
1713,3.448962834152681
1714,3.791676432122225
1715,4.0485611276854705
1716,4.11091087719932
1717,4.249619556185876
1718,3.717061437011976
1719,4.792638239576936
1720,4.772253106113864
1721,4.80174398829816
1722,4.949910519201355
1723,5.054853394193935
1724,4.988576391239211
1725,4.898129172324303
1726,5.118798098743948
1727,4.794981130392518
1728,4.825778145382969
1729,4.617848537723139
1730,5.03298418713867
1731,4.263037352146674
1732,4.295633877597935
1733,5.000904148452486
1734,4.598459857758821
1735,4.565386941535582
1736,4.00208156168399
1737,4.035017221262771
1738,3.3514564119191532
1739,3.379661010682126
1740,3.3989109810728384
1741,2.703720155137245
1742,2.208027160950872
1743,2.5350605393044883
1744,1.964453463555059
1745,2.3907470758042066
1746,1.3417904219474561
1747,1.290371589499585
1748,0.723441010505985
1749,0.5884608922243716
1750,0.784568574509982
1751,0.16771607577178604
1752,-0.6772592201400203
1753,-0.7015063483319011
1754,-0.9136444541305336
1755,-1.1486643720543488
1756,-0.9519123030780244
1757,-2.1358162724783134
1758,-2.3356236915062336
1759,-2.701836655686896
1760,-2.905524735058764
1761,-2.972997286424382
1762,-2.9323955884254715
1763,-3.5453091229708424
1764,-3.526674345414096
1765,-3.5482582798381017
1766,-4.048895569990438
1767,-3.9625908735304347
1768,-4.609586384223916
1769,-4.470459855353302
1770,-4.5250002675658605
1771,-4.714519433679971
1772,-4.985792238153633
1773,-4.924694566314564
1774,-5.087288737996551
1775,-4.349483177453175
1776,-5.346216296746432
1777,-5.101370266472605
1778,-5.017759253609818
1779,-4.424954463255309
1780,-4.259815011567264
1781,-4.431502695413062
1782,-4.39044965393133
1783,-4.557456334181984
1784,-4.776478610280152
1785,-4.282506318514918
1786,-3.980605082871238
1787,-3.446657390110035
1788,-3.02197508137362
1789,-3.3300853757801976
1790,-2.3633413229087865
1791,-2.690126694927714
1792,-3.4650634061445214
1793,-2.2633887565272395
1794,-2.666490435693923
1795,-1.4389300131550937
1796,-1.5438352306224825
1797,-1.5861394268043858
1798,-1.1618131479786618
1799,-0.9261246891885824
1800,-0.553427259987131
1801,0.17135746298383406
1802,-0.2454540383496795
1803,1.2450715040870435
1804,0.6330266178404356
1805,0.8409484972349337
1806,1.290845863153796
1807,2.0441205468305625
1808,2.6632945188577066
1809,1.6770639391638142
1810,2.330041212352761
1811,3.4843318487158683
1812,3.220299520020955
1813,3.3605520265155784
1814,3.6480602929836436
1815,4.011999385207775
1816,3.773229544907752
1817,4.236142458597775
1818,4.358683000409875
1819,5.02860501595032
1820,4.6980028039049655
1821,4.80422894414814
1822,4.88898319458277
1823,5.3206952709576765
1824,5.0850215101198675
1825,5.138052516587918
1826,4.74558478178746
1827,5.350522959119779
1828,4.906572929021838
1829,4.913821423753865
1830,4.921593205767366
1831,4.7128175998555335
1832,4.913780497845514
1833,4.142151774185105
1834,3.9965493070472036
1835,4.771747660940939
1836,4.54473168641536
1837,4.123859614305474
1838,3.460072365150729
1839,4.060595365543141
1840,3.5155981659678064
1841,3.130947471194202
1842,2.6186046816766404
1843,2.7449239220547446
1844,2.921756982141547
1845,2.157283301199688
1846,1.5986775659395893
1847,1.4433112877884273
1848,0.9307176232857219
1849,0.45258756312851767
1850,0.6789142080989148
1851,-0.04672494028578167
1852,-0.4246249553687251
1853,-0.6339196751086106
1854,-1.2422223285302443
1855,-1.1901812656005517
1856,-2.5418467215623526
1857,-1.9292372952438341
1858,-2.003791237326576
1859,-2.1507894748365626
1860,-2.731760161118384
1861,-2.6666221341961145
1862,-2.9708336615596664
1863,-3.320613940905397
1864,-3.931035881932533
1865,-3.507602796772638
1866,-3.6506444266049862
1867,-3.4804287410843444
1868,-4.243786949545901
1869,-4.821390193391836
1870,-4.982712648664286
1871,-4.018000453963469
1872,-4.882920239551089
1873,-4.8582055505538895
1874,-4.5009842592394005
1875,-4.990084038306311
1876,-4.790584673285841
1877,-4.720176019013595
1878,-4.930179197081002
1879,-5.117216729863466
1880,-4.876910053036716
1881,-4.695599005196408
1882,-4.421297401720418
1883,-4.316372061185251
1884,-5.270556557131839
1885,-3.9830901836023997
1886,-3.872747329345114
1887,-4.018493761527247
1888,-4.3302098143113135
1889,-3.1696851779981694
1890,-2.927020253509304
1891,-2.6814336646161103
1892,-3.084971612070819
1893,-2.928899312650496
1894,-2.1285580594134053
1895,-1.4773205835935959
1896,-2.118356931021996
1897,-0.8114044028420997
1898,-1.0275458599840102
1899,-0.9846264337999129
1900,-0.43378756150279685
1901,-0.09089029916314473
1902,0.2657786622381164
1903,0.5402973229839831
1904,1.0771373673016091
1905,1.3010468398941017
1906,1.6992551790764083
1907,1.792839409349351
1908,2.5144069771887487
1909,1.9871940642031447
1910,3.172878968579801
1911,2.6163517245216843
1912,3.1879009832894716
1913,3.802259238036733
1914,3.651739108665353
1915,4.185181093425719
1916,3.7034728817908356
1917,4.189917499380012
1918,4.123488123079225
1919,4.269452310397576
1920,4.6029733161490505
1921,5.054074514040739
1922,4.935559702096233
1923,4.824336750141701
1924,4.649143135072319
1925,5.009323882122404
1926,5.121360345939045
1927,5.156762088168494
1928,4.654342790529863
1929,4.648560210960336
1930,4.599785268513489
1931,4.390622043569641
1932,4.717519687029351
1933,4.378558037528079
1934,4.297366923373527
1935,4.48905812229057
1936,3.1609842707514497
1937,4.0902790289686815
1938,3.6836728095518043
1939,3.1466320553010587
1940,3.1355540407499256
1941,2.964666936336292
1942,2.430403118237598
1943,2.1055616238423625
1944,2.1005078377096535
1945,1.9021221396595012
1946,1.1394304351332378
1947,1.5929240135806308
1948,0.6726283569476175
1949,0.4802464831767713
1950,0.25705544184283113
1951,-0.057093831403135134
1952,-0.13356045331663158
1953,-1.193736524198576
1954,-0.9070570747963517
1955,-1.2879362662643987
1956,-1.8831361456591307
1957,-1.963413900907644
1958,-2.1993613033066772
1959,-2.127867296948876
1960,-2.360707949014115
1961,-2.7676474701601816
1962,-3.34956453422988
1963,-3.4472599154042385
1964,-4.333002878056829
1965,-3.5943044208801025
1966,-3.488098774862702
1967,-3.915140572505951
1968,-4.632804929183639
1969,-4.724434066423801
1970,-4.448202761623817
1971,-4.932133235189619
1972,-5.590662311192538
1973,-4.264102959299372
1974,-4.836205966483128
1975,-5.096565345978024
1976,-4.702198799951528
1977,-5.104698482783724
1978,-4.8126063057103465
1979,-5.336304532394515
1980,-4.9882003278989275
1981,-5.202124650741865
1982,-4.9328867869409025
1983,-4.651553149135805
1984,-4.187619395516235
1985,-3.8843017481447135
1986,-3.9929859430693657
1987,-3.780986820247496
1988,-3.7829383273287527
1989,-3.160934811357908
1990,-3.266899131585889
1991,-3.2988738176304357
1992,-2.942974125362995
1993,-2.28172117452557
1994,-2.1909282947622017
1995,-2.3906463470890555
1996,-1.4461524857800314
1997,-0.9806372760339463
1998,-1.0849111405681153
1999,-0.9141132614149836
2000,0.14416073617540281
