t,obs_dim_1
1,0.5822584813127771
2,0.3785150467513677
3,3.1892594637550857
4,0.5465623856044192
5,0.4184184865417886
6,0.3983784222279705
7,0.3278996047875268
8,0.39209299622483795
9,0.7269635104060865
10,2.026722559571198
11,0.6742847500554421
12,1.3638557155413191
13,2.5489462926961015
14,0.7871222521294614
15,1.8896383047104914
16,0.48045154231667475
17,1.604154281889468
18,0.6026651784793358
19,0.3441584237864982
20,0.5589501500818208
21,0.2748791966876427
22,0.8344648999096358
23,0.6462439515737715
24,0.4519781974860218
25,0.3607918114432503
26,0.8291602696082987
27,0.25989209840806293
28,0.6306009745714017
29,0.4544552922884214
30,0.4437823819588178
31,0.5495772011648552
32,0.25487717272684685
33,1.4926972160494665
34,0.4175038163430538
35,0.44002449735742233
36,0.26326325391420097
37,0.84250953455336
38,1.5248064424193826
39,0.3224954971653113
40,0.6472482049113135
41,0.2759247594653211
42,0.25864794099643473
43,0.2557839472469965
44,0.33896955023530995
45,0.3143776015913911
46,0.2589453717726352
47,2.3389108266565835
48,0.3561639967272158
49,0.3407291338639179
50,2.789428565072518
51,0.8829433156300124
52,0.2674801895018783
53,0.2865361822595136
54,3.851831371305423
55,0.5332205603452773
56,1.5706268356561834
57,0.32416215195006715
58,2.7461630789668567
59,0.6452725880033949
60,0.2860940088961808
61,0.25436447671636714
62,2.5583672067060226
63,0.9229189696018872
64,0.25937140961130545
65,0.26942191067210286
66,0.40683994067953977
67,0.4802358878163191
68,0.4132833690850669
69,0.2629536936312564
70,0.43949170540913085
71,0.9979376327181924
72,0.2594946762753015
73,1.9805295895607968
74,0.259704907934678
75,0.6390175335794799
76,0.3270271529812682
77,0.40805232063400193
78,0.48238848583169425
79,0.42967945366940374
80,0.3653210585876184
81,0.2599367123066318
82,0.5391530938021408
83,0.26562990805643033
84,0.3910235154611643
85,2.839468618252282
86,0.5389834230168289
87,1.8789556881626475
88,1.2315239998336973
89,0.2688003080586548
90,0.6091788269303542
91,0.3725674492846263
92,1.7830149895797498
93,1.7925928379462275
94,0.7511753154129859
95,0.38498168285892564
96,0.2825874937508964
97,0.29288928125513797
98,0.9576938999294475
99,1.1777189751341137
100,0.29267250282981166
101,0.38638081700949417
102,1.3505271156318808
103,0.6584919839057742
104,1.7846205142186338
105,0.26615727362313946
106,0.31269176571313617
107,0.38472282289911575
108,1.1814704097608089
109,1.2072819436829296
110,0.2574824551109129
111,0.9714621334093969
112,0.4735215552793467
113,0.426951614254524
114,0.25439771156317864
115,0.419367529796022
116,1.9835969148308736
117,0.5582917471445199
118,0.2701700817381925
119,0.266486103057768
120,1.24831811136682
121,0.2743218479532557
122,1.0214748543935601
123,1.126102674910932
124,0.2718450162349197
125,0.6593619443342287
126,0.265441111710935
127,0.3999733532346531
128,0.5577829724262136
129,0.26147345810012396
130,0.30711894762130715
131,0.35387603060011386
132,0.6389900931695748
133,0.7189494141714721
134,0.4262420986021831
135,0.7964979214644685
136,0.651972476396625
137,1.875648631278445
138,0.2692920614040568
139,0.2841464589125474
140,1.2139838124775801
141,0.5739224170605107
142,0.2739099389926824
143,0.2719188652837551
144,0.33102745185459725
145,0.3233300828312862
146,0.656625868463087
147,0.2555903850762676
148,0.8312454335986804
149,0.3238809770580149
150,0.37654128526312086
151,0.5418779987653513
152,0.4123274020721661
153,0.2549481283644051
154,1.0819470301851477
155,0.2543111488741202
156,0.2543412513830611
157,0.47321290841331604
158,1.4062488800684483
159,0.5267721226790989
160,0.2852367913669309
161,2.339675712038776
162,0.3520193956892754
163,1.084132079375273
164,0.4209844303591066
165,0.3697987187215272
166,0.6092591087433532
167,1.585470109141603
168,0.3055510963209188
169,0.3167844938063198
170,1.0328286683077603
171,2.7097316912070233
172,0.4988742985639328
173,0.38395322430720663
174,0.45830893298709724
175,0.7380090595367232
176,0.5438862387515407
177,0.5743285689864324
178,0.3059654025058114
179,0.28258262310435295
180,0.3574797845219275
181,0.3761039583719058
182,0.4923979692374797
183,0.4398483982842902
184,0.5326724599079942
185,0.5985804831301935
186,0.2593868741503361
187,4.609733574031063
188,0.30831057527391886
189,0.38855962185986614
190,0.5221957281031544
191,0.2566000645102924
192,1.7125374167949918
193,0.4259306130866848
194,0.30058426418603457
195,1.1025557655236071
196,0.9929757880598942
197,1.1332546271515862
198,0.27641180034333246
199,0.2696802521427481
200,0.2579345830891911
201,0.4322765031111462
202,0.6704514428958008
203,1.121044878764004
204,0.2546360091149479
205,0.29869912829549944
206,0.2621218095248338
207,1.1396087538092443
208,1.1752080078674345
209,0.2586074380024508
210,0.27017977845811025
211,1.6948225741739444
212,0.36866867436477957
213,0.3736552414323757
214,0.47270739056439964
215,0.492567820598427
216,0.43030825067858036
217,0.8331505995242353
218,0.40083840732016396
219,0.34219593994461905
220,0.8447671940605366
221,1.6102011302926527
222,0.27763076127844905
223,0.37018209855144907
224,0.3099981765698119
225,0.2561662518866963
226,1.0575657304279527
227,1.3282969158697633
228,0.2543177135616342
229,0.35864226649278813
230,1.9058310784485175
231,0.25790925683306165
232,0.34176118716079396
233,0.4233707581059836
234,0.25971252884255536
235,0.701459827986997
236,0.2545913482610419
237,0.7744441707574138
238,0.909269075356185
239,0.7511202070209194
240,0.2677727045327584
241,0.28822424839301947
242,0.345053963754453
243,0.26582254196541555
244,0.27079598750767997
245,0.38113507641864025
246,2.0531898705254377
247,0.2992997238624418
248,0.4091560880846963
249,0.28337706263047413
250,3.2135590996405097
251,0.41767514611901624
252,1.1958422521763397
253,0.3009984497718279
254,0.2722614435109761
255,2.2431227878073905
256,0.9280046006150934
257,0.2700441572702771
258,0.7697750310308145
259,0.9512741478349658
260,0.2922270065973411
261,1.999213977036241
262,0.33635701275002616
263,1.2862502835128615
264,0.28972001879106096
265,0.848154513349512
266,0.8652408395299289
267,0.2587579819928798
268,0.2897643537964032
269,0.3014471790427134
270,0.305955943958669
271,1.6214313750624327
272,0.257216172520582
273,0.29053430892861803
274,0.2826317362292535
275,0.3352664065721606
276,0.25487674950914124
277,0.2663673430839081
278,0.32829639124297344
279,0.7918612506694491
280,1.7726697859433678
281,0.3686589951334741
282,1.0407679667888168
283,1.8397069767843044
284,0.30745331921628305
285,0.929222566130521
286,0.5797151331953138
287,0.4655945721414551
288,0.9007920868887552
289,1.20412908731693
290,0.2588607447581766
291,0.2595127232058244
292,0.39373460104250135
293,0.9896290658298341
294,0.255436356389885
295,0.797729623118825
296,0.4812265377254821
297,0.2558411076875551
298,0.2848342191401987
299,0.6335206296728344
300,0.6248094239823454
301,0.29026711243650954
302,1.2778643804632188
303,1.6715752242832056
304,0.5379584907439788
305,0.26565308926042047
306,1.390004138648644
307,0.2805690853355837
308,0.25445351212043765
309,0.4285224987226429
310,0.2640449119066779
311,1.593763127710053
312,1.154590801467464
313,0.2986788720709909
314,0.2671337955875841
315,0.41043480427472334
316,0.888530158543483
317,0.36065211645436407
318,0.2615435605246545
319,0.2544031889658966
320,0.34256709919639267
321,0.2576893190350452
322,0.31384251908633654
323,0.3356368847554584
324,0.444011637513922
325,0.45192761094351286
326,0.8223006294588016
327,0.5506141067893588
328,0.41613628511396034
329,0.2648590486306992
330,0.968976107473826
331,0.3736908561243414
332,0.43575671472885213
333,0.31781753084113784
334,0.29144183670967666
335,0.49327154701718956
336,0.5678621973658148
337,2.449803418213776
338,0.8422697574537705
339,0.256879296284304
340,0.2708823891732474
341,0.2542977350197952
342,0.3475390561152084
343,1.0203160164889429
344,0.25926046666593183
345,0.2870390824293867
346,0.28771976962077245
347,2.953191150169145
348,0.6240786664376335
349,0.2611312677352381
350,0.2587050365607404
351,0.2620329313781253
352,1.0320668334399277
353,0.321291381670216
354,0.6127962625522841
355,0.7579725653332594
356,0.29135796922085944
357,0.2969714247344861
358,0.39640766804285893
359,0.6429530198417596
360,0.390064554196177
361,1.0778778053170917
362,0.565997411382872
363,1.407888928361005
364,1.4913756381483898
365,0.3119555332498879
366,0.9218049469353844
367,1.1056574489687465
368,0.505876965601221
369,0.5314670639851512
370,0.2569167710860408
371,0.33669094882092837
372,0.3037444603268553
373,0.2755621322623997
374,0.3107037162476776
375,0.2926034436378237
376,0.25610804848999513
377,0.5863783862283589
378,1.2954447591831941
379,0.257483182817902
380,0.2775650069696224
381,0.25713394610726187
382,2.0348295629000352
383,1.2327901044783478
384,0.9723869405321885
385,0.7436419908568035
386,1.8809559470956427
387,2.1941043892646808
388,0.34249613417131847
389,0.5407215309340945
390,0.4134310507429433
391,1.30743069189163
392,0.489498019016644
393,0.7323208774416181
394,2.878612609274662
395,0.4367375616834715
396,0.25986003649209405
397,1.8284842687179517
398,0.3639230279954944
399,1.3400212408022005
400,1.2690996590704715
401,0.25609329877312575
402,0.3160936073680895
403,0.6254513542030222
404,0.5801894304145336
405,0.39998609304734434
406,0.30110678065994945
407,0.4104377353169889
408,0.2859280330360858
409,0.9672195348078683
410,0.3909084109145951
411,0.56695554716915
412,1.599125974424926
413,0.28511487146722786
414,0.9834422671206431
415,0.4207905750678028
416,0.6696540069001575
417,0.48724824419312196
418,0.6493692401316176
419,0.263610798839849
420,2.1970213691887115
421,0.3566830330319284
422,0.9597122587431937
423,0.2615232808217816
424,0.39844391348653585
425,0.4492447184229046
426,0.8624474447032613
427,1.6359321590318319
428,1.905422086443324
429,0.7866077415685601
430,0.4722886823018201
431,0.3055768924302426
432,0.30466931747553755
433,0.6061194561903199
434,0.8162002901773804
435,0.5158712918381494
436,1.0341832559263113
437,0.37463195443868236
438,0.5466730713527225
439,0.7336312678649859
440,0.2554680303370565
441,0.4897923602500208
442,0.2845494538798301
443,1.195144971990071
444,0.34288221247165274
445,0.69332725652104
446,0.3509967590483175
447,0.473471061455133
448,0.2565357709720283
449,0.2667241922806619
450,2.400670997049225
451,0.2922669665985035
452,0.2781465457012255
453,0.3820269665756696
454,0.7835194514100374
455,0.7319702023930332
456,0.38312190185880046
457,1.2556993014517785
458,1.4289064707178971
459,1.4372319540123502
460,1.4434316303646968
461,0.2989874808704901
462,0.6935954325438285
463,0.5501815054208288
464,1.5427218501182578
465,3.6563642868959176
466,0.34103980987122645
467,0.4742782887347399
468,1.1670201875202701
469,0.4296665581605833
470,0.29649176710949343
471,0.25745162801535343
472,0.2635537723900519
473,0.5212881334756045
474,1.1909672747188909
475,1.151037580627942
476,0.2882872744146926
477,0.4404036163874362
478,0.9138389111816987
479,0.7558007005390899
480,1.6689623119843229
481,0.27261046546795603
482,0.5807675770910461
483,0.5389229560926241
484,0.4466070476694003
485,0.30495477415307687
486,1.043525798995814
487,0.30217824002004784
488,0.4032862658347694
489,0.2720018335217917
490,1.246904449905916
491,0.5129246149107701
492,1.9119839174515556
493,0.2546035127396544
494,0.7604849738293855
495,0.5747561963968801
496,0.7419320231033202
497,0.3390755315618574
498,1.8035463000559555
499,1.4701795523185077
500,1.1074157975285501
501,0.541520114058256
502,0.6795545332954187
503,0.28930012089180057
504,0.37499370316766945
505,1.3697890972340048
506,0.4455667872655201
507,0.39882302952308535
508,0.998572160472657
509,0.8684521020537908
510,0.8643398516877989
511,0.45835855050240903
512,0.3744776086715473
513,0.9164571216411557
514,0.2668569534826332
515,0.59715168688308
516,1.1334420306184185
517,0.26069868978707655
518,0.9036201889893152
519,0.399240069782526
520,0.2649472781961469
521,0.37114047627723673
522,1.5658310319076745
523,2.237185624070334
524,0.3432288073202304
525,0.3481048213561311
526,0.32254941801291104
527,0.25900280668525477
528,0.260102853356716
529,2.4579181304405924
530,0.2820491459439338
531,0.31953761205554587
532,2.703951910035836
533,0.6223620214014991
534,0.27338738678238855
535,1.5627256459500873
536,0.2543677763909012
537,0.36530264862228007
538,0.8107881698562269
539,0.6755359524801252
540,0.33882397467394343
541,0.36385240394659163
542,0.5242223672524339
543,1.5752547151088707
544,0.3870103352894301
545,0.35339252939882126
546,0.3202737421611539
547,1.5062659759927532
548,1.4975270398383995
549,0.5803388125263869
550,0.37378673401457024
551,0.7323687402551825
552,0.2730850018943139
553,1.3864844388302306
554,0.813676256556839
555,0.553493364881556
556,0.25932667059523284
557,0.2653529427427145
558,0.5310204688024793
559,0.558882703179596
560,0.27511286092255627
561,1.82000008557627
562,0.32194673056517764
563,0.3015916560798933
564,0.36884468534441234
565,0.9300939411955698
566,0.3641965389169486
567,0.5392236895282584
568,0.2763306331768913
569,0.41296995264722575
570,0.38980036523346023
571,0.798171103413608
572,0.74538052441874
573,0.6842316533261514
574,0.825753864226523
575,0.36898804392208434
576,0.2596569901490751
577,0.5883891857484803
578,1.1638444349483947
579,0.5814169986576654
580,0.4889382574423445
581,0.6405476692927284
582,0.35308226920139546
583,0.3339051929649507
584,0.5969635577612873
585,7.834323238565383
586,1.3762069851239425
587,0.995060349563116
588,0.33962908232361483
589,0.2558205218873284
590,0.45040220786096374
591,0.4075801383339651
592,0.43393287825851035
593,0.46514837461360786
594,0.2796581601093986
595,1.234910487856358
596,0.42010573557127706
597,0.40021481290652083
598,0.2544446559530527
599,0.9792262851464228
600,1.6786074763914753
601,0.49278353960454724
602,0.3849323845244582
603,0.8325380917605034
604,0.2945864461548241
605,0.26850391815925895
606,2.9732355718687042
607,0.47416137355900745
608,1.2772836103548166
609,0.488848959620571
610,0.5011686093810537
611,0.5363944334233284
612,0.4470818106513645
613,0.29313174057180474
614,3.6226307163854505
615,0.2635923496098181
616,1.8629936677643368
617,0.4687150883529252
618,0.25926067130755176
619,0.39642833149511714
620,1.022392782166012
621,0.5034317160969722
622,0.4544330935218641
623,2.6427861319161265
624,0.3619827543864798
625,0.2979565880559958
626,0.2784148503547046
627,0.83750627027802
628,1.1735163696515436
629,0.2543795920901914
630,0.3948746093674867
631,0.686961385858897
632,0.8097764011480092
633,0.7048042947698328
634,0.5644784157442279
635,0.27372519325977956
636,0.2870205561921853
637,0.5155650984381119
638,0.6800622815559607
639,0.25960204029635114
640,0.2988782923398649
641,0.3643996856103353
642,0.32949126151536146
643,0.2631530523442719
644,0.31496934717000286
645,0.2785488625914876
646,0.6256088624963737
647,1.0675050007513098
648,1.074832166213708
649,0.3398819834723781
650,0.2587792317757971
651,0.2543441381493511
652,0.5970721246294675
653,0.3405405363244888
654,2.034272433232629
655,0.32282331818834875
656,0.2559159393150553
657,0.359386402567681
658,1.4037568986936728
659,0.5909766106661847
660,0.26024721769515147
661,0.7640750818701114
662,0.39993385915983204
663,2.0021693081290417
664,0.5849068181996481
665,0.30885420941631575
666,1.2433543538541612
667,0.2707064244739461
668,0.4148569450101514
669,1.0530614380103855
670,2.4231750895830153
671,1.2051501482176439
672,0.2920523444746437
673,0.5995924404624666
674,0.2955875044011528
675,0.4472038385618858
676,1.1117619547431472
677,1.1390698838279232
678,0.4657330826487597
679,0.2565984674342184
680,0.8242805166230663
681,0.3166677897469563
682,0.962219498090227
683,0.7107577482141744
684,0.2738832519190839
685,1.0695247579830705
686,1.352963898825405
687,0.5649057406636564
688,0.3262405505773897
689,0.2954019501603644
690,1.1515895964251524
691,0.2636145833219714
692,0.922178895208566
693,0.2701041205359927
694,0.28410114351348226
695,0.49212448094855354
696,0.25497466413435477
697,0.49702577983975915
698,0.32975291006030594
699,0.33313583425864146
700,0.256672329252171
701,0.5192135270423983
702,1.6718679182933398
703,0.6045059436881203
704,0.30370919449081957
705,0.31941549303461103
706,0.26249350554219913
707,0.2545195382305538
708,1.2771017329459897
709,1.7193176506289665
710,0.38801527001202435
711,0.29113724090183435
712,1.3501444568401535
713,0.8007473901287447
714,0.9104701564771451
715,0.2545671448315155
716,0.3772479756988869
717,0.3517815924064809
718,0.98711819506813
719,0.4528823596719602
720,0.26949728645830684
721,0.8813399092762491
722,0.34076697026555636
723,0.3673966809164282
724,0.29761741850507384
725,0.31067047737163367
726,0.28050897656427376
727,0.5599982504445724
728,0.26143647420893246
729,1.7545755137611343
730,0.6294504672466548
731,0.37367403438607605
732,1.4734596551240646
733,0.4854515507891676
734,0.9362141173026555
735,0.8469458138756845
736,0.31759580394674825
737,0.6662657537668635
738,0.5531783914966756
739,2.4086950062184087
740,0.5197218749634218
741,0.9740037538106503
742,1.0632247236131354
743,0.33074910292151793
744,1.5314746106997332
745,0.4806726158244096
746,1.0060890968445833
747,0.4504214158900552
748,0.3671066139380137
749,0.3346174135248591
750,0.26482821759672803
751,0.2545157826782197
752,0.4305596109492738
753,0.6552381614235959
754,0.3666724499372943
755,0.4574469380211115
756,1.3553957677375261
757,2.5022394215020305
758,0.6721364669643315
759,0.47240321284129344
760,0.25474504352759275
761,1.2991535077947878
762,0.4317786908528791
763,0.510962094481537
764,1.6321171321342418
765,0.280929611255599
766,0.5275524930640677
767,0.5319433669689757
768,2.0977456188496695
769,0.7817852013480583
770,1.0922783976286456
771,0.5733174053117818
772,0.455720061934075
773,0.32145185332764814
774,0.9844173362536953
775,0.47536968100988
776,0.8212657648311578
777,0.42324331704075946
778,0.5839874815265991
779,0.7944551421981874
780,1.1740125115520097
781,1.1416666792394712
782,0.2743855741993015
783,1.5934156643437731
784,0.4804794849683499
785,0.3268187643899623
786,0.8221198050427925
787,1.257583320205904
788,0.3792412810971138
789,0.7797242575570817
790,0.3102917008133554
791,0.5546413300040919
792,0.28625055622815443
793,1.9693443606434928
794,0.43376926740836474
795,0.28306732253843714
796,0.25431307994417934
797,0.2767246458398887
798,1.8646645957577817
799,0.30530016385877207
800,0.7805877727375564
801,0.39570874020133984
802,0.6461687587854066
803,0.8369285680621132
804,0.28727149072481767
805,0.4321250865990808
806,1.2149270812716049
807,1.8766601773853608
808,0.8001270910115115
809,0.3618885920515671
810,0.29362247266663277
811,0.2651831525655289
812,0.9756675883533937
813,1.319998261585631
814,0.3470853986197015
815,0.5554674074652781
816,0.5921951227264992
817,1.0401276129701402
818,0.27205929634860737
819,1.2097516792196916
820,0.2574431835588725
821,0.5314821581320279
822,2.48380599733852
823,1.0727431228365651
824,0.35479570299504987
825,0.4209227196647135
826,0.7417170518528149
827,0.7676287037352978
828,0.8883555564701786
829,0.3290269158990718
830,0.3186390269509895
831,0.8274787351664312
832,0.3696131060004423
833,0.8545127999680546
834,0.30777855617741845
835,0.5606734843646868
836,0.415888801513713
837,1.176516065666755
838,0.7221040800117875
839,1.6151242635262055
840,2.372738650212627
841,0.739209891711619
842,2.7173682940339257
843,0.3002023219890481
844,0.2657027595589702
845,0.49910364150131037
846,0.44065076688707316
847,0.2763213359926034
848,0.31980086950646164
849,0.29394719679726056
850,0.5144346669815695
851,0.2789605616796234
852,0.890702654814007
853,1.4832523869646494
854,0.2926385433137895
855,0.5794099766399041
856,0.2547412786892531
857,0.504240034172244
858,0.28243235188596816
859,1.2083519782607004
860,0.5610715011128995
861,3.4006988065643418
862,0.3064641643223452
863,0.9202042590208723
864,1.1039427951403111
865,0.9994962991542229
866,2.8500274757540818
867,0.36748959051020125
868,1.2663505302150053
869,0.2865001513786757
870,0.3260150608580584
871,0.8981829800039371
872,0.2639758652891126
873,0.586048036169748
874,1.9358447550459905
875,0.25659669802070345
876,0.25604271375179943
877,0.4022379637331023
878,0.4241074727340648
879,0.43162056338369903
880,0.31841154734553173
881,1.5006989278373393
882,0.26305486509444764
883,1.1372416619764891
884,0.2658556551650088
885,0.6092373306448023
886,0.37327229280713903
887,1.0303318939285198
888,0.4699912540152952
889,0.2709540037183032
890,1.5035646663706292
891,0.259337816188946
892,0.8115186316641767
893,1.258281078915489
894,0.6532777199547748
895,1.1906416880180326
896,2.94356109471262
897,1.5864705788169213
898,0.28063141740141295
899,1.0824570108219604
900,0.35648068220090184
901,0.8141769820365448
902,0.8258994966543574
903,0.2772239160212236
904,1.063697532007021
905,0.2576895594312081
906,0.2543021129409181
907,0.500606649528699
908,0.4756726039879209
909,0.5597403312154825
910,0.5096272403257971
911,0.7486919377030498
912,0.6060034462244537
913,0.3920800722595895
914,0.37898642633983237
915,1.3795976876707812
916,0.2919514354168862
917,2.3757848734751255
918,0.25701596178983016
919,0.97497574027151
920,0.40464386032893496
921,0.32202883010009953
922,2.8482299957185493
923,2.0730824495521767
924,0.4196982853553357
925,0.4072255123483296
926,0.4148721253437856
927,0.7921579443920268
928,1.773274501540389
929,0.2970906339391462
930,0.2774405455039855
931,0.4001302777934411
932,0.3015020180456094
933,0.3014078217450404
934,0.2585094738808842
935,2.970875790488088
936,0.25434623364055553
937,0.26811173373251435
938,0.2577507321378431
939,1.458656404798032
940,0.38361882495686744
941,0.3303757573906226
942,0.9485649835473784
943,0.501161277722082
944,0.2615548873722018
945,0.25647978924154846
946,0.5206319827411711
947,0.30851183935209087
948,0.3737956387820385
949,0.43116128949703725
950,2.5868537258605477
951,1.5457512350109617
952,0.2637594096646799
953,0.2942048816692424
954,0.2650145019910185
955,2.713160622450098
956,0.5716886240836829
957,0.6368452169719568
958,2.178690741669898
959,0.2625302654887956
960,0.9198315794582871
961,0.616252237787811
962,0.25745791124788026
963,0.7141792551313839
964,0.3363976761932761
965,0.33993061841314787
966,0.3128828466012415
967,0.2577220404702265
968,1.5100310246153326
969,0.39747317447253105
970,2.1927138351347226
971,0.37713181946742513
972,0.4226179359727732
973,0.31260549861653075
974,0.3370050423696411
975,0.2690763742908983
976,0.3362251873180164
977,1.0705476639601736
978,0.3295979635226516
979,0.31469675601618097
980,3.079311690292621
981,0.29287045318127863
982,0.31031873125013615
983,0.5048053270952487
984,0.2772881883552263
985,0.34065456683645245
986,0.46396110756591524
987,0.2711211188213881
988,0.30242681904204666
989,0.5990476188790381
990,1.4485312653570688
991,0.40849561104497983
992,0.4718723108316891
993,0.25445247308231467
994,0.2573310320786037
995,1.1070908236533816
996,0.3268332102191048
997,0.8242267899734939
998,0.49002543144825633
999,0.2674028484951195
1000,0.7568378002281623
1001,0.29098818399355597
1002,0.271492962444125
1003,0.260088466753257
1004,0.3730358717583487
1005,0.835895966292834
1006,0.7265037256706695
1007,1.7082244890088225
1008,0.25581537027698265
1009,0.2542957174088219
1010,0.25487440981277076
1011,0.4266279913204851
1012,0.25477232051260557
1013,0.38615975518069406
1014,0.3776228697157904
1015,0.31386225896849984
1016,0.3286263961923481
1017,1.4274698019809782
1018,0.6021061202086466
1019,1.312649200559028
1020,0.26190663180041707
1021,0.5915972072997426
1022,0.5822221570816403
1023,0.9940243364381539
1024,0.8463640290456699
1025,0.3132462388696212
1026,0.7004617946675163
1027,0.26431167700800456
1028,0.4718058535936295
1029,0.35980231377032174
1030,0.3144250253623838
1031,0.6278387395884504
1032,0.6685290539029239
1033,0.2654750818225283
1034,0.33482689523036435
1035,1.5635485331235017
1036,1.3630414682322989
1037,0.3549283072705308
1038,0.3224962021545128
1039,0.2906354094073981
1040,1.3270447756057884
1041,0.3087168578860648
1042,0.28980812612810825
1043,0.3089377000008883
1044,0.41891542602494997
1045,0.39836776926874395
1046,0.2823143297718056
1047,0.2564245395197268
1048,0.3332395848210021
1049,0.8122339328052162
1050,0.2609999166155669
1051,0.4099063189216991
1052,0.5940265783504076
1053,0.9616579144165875
1054,0.4417896413189913
1055,0.5991709624751443
1056,0.365569723528622
1057,0.29815897546591336
1058,0.390208658176492
1059,0.25908893647578424
1060,0.5110319242459014
1061,0.47744199395162545
1062,2.247547564155663
1063,0.317673891104539
1064,0.27589943393261895
1065,0.8365937418949243
1066,0.3182063842044116
1067,0.2587574920249078
1068,0.3220821685947083
1069,0.7656220507883931
1070,1.1147644813162847
1071,0.3866502217156338
1072,0.3787511682800718
1073,0.2609487823366786
1074,0.5561509668924489
1075,0.3114269054940466
1076,0.5055931248958165
1077,0.2732586472586747
1078,0.3783882460867144
1079,0.27864089313782014
1080,0.847850474991367
1081,0.2558303953129744
1082,0.255702823468625
1083,0.2885368612344648
1084,0.4176892617148331
1085,0.8888738853970665
1086,0.4232958551592657
1087,0.8260987670489746
1088,1.4059635704316318
1089,0.3304606880848023
1090,0.41991700608333304
1091,0.30580063592052376
1092,0.2638433449998671
1093,0.4798129382483065
1094,0.5183800281050812
1095,0.5207869555608018
1096,0.2542908418212854
1097,0.40164346459122213
1098,0.2551782192624983
1099,0.9427260297572071
1100,0.25453899006332686
1101,0.5851896514262469
1102,0.5040253708303126
1103,0.4625000513387224
1104,0.2558860521570668
1105,0.5607898290573907
1106,0.5697531407432339
1107,0.323322355649927
1108,0.32696967862955595
1109,0.4415243747335127
1110,0.2717602120711813
1111,0.27586659509774103
1112,0.9512762263081751
1113,2.8023115125714457
1114,0.26753681387823014
1115,0.6302897086013266
1116,0.7941231023879143
1117,0.2653464745974811
1118,0.40171535829070626
1119,0.2813568185232794
1120,2.7606590605259624
1121,1.9346566798861036
1122,0.45138260902418254
1123,0.3867667786277553
1124,0.2564912289579833
1125,0.2667672464088885
1126,0.29531583369122355
1127,0.309576465855485
1128,0.6921219504481247
1129,0.25463213727778183
1130,0.29249771563343424
1131,0.4546916730153754
1132,0.5823689711791946
1133,0.9651876648943718
1134,1.3920230427879066
1135,0.5076815959585481
1136,0.28597472365340654
1137,0.2629991998794506
1138,0.4443340283385314
1139,0.31246273345977804
1140,1.020381307154214
1141,0.25826431360687463
1142,0.26158585826040487
1143,0.25473199030763183
1144,0.2592366435820852
1145,0.2561886573915139
1146,0.355151056381669
1147,0.5202856751111173
1148,0.5787566170049749
1149,0.36852263586505224
1150,1.5702032272027369
1151,0.37859924910013576
1152,0.4519487712221062
1153,0.30222145379478377
1154,0.37096277858215976
1155,0.3197078841241662
1156,0.3261326535320619
1157,1.6147646484372193
1158,0.3358821279786769
1159,0.25457311786986625
1160,0.2972385184261817
1161,0.8503100654094273
1162,0.2691850477567661
1163,0.6837649195326554
1164,0.26193639224085635
1165,0.3068793426256941
1166,0.4125090771422742
1167,0.25546931930251326
1168,0.3654360892182877
1169,0.9159568666524408
1170,0.2575050137805368
1171,0.2542924655305372
1172,0.6944654808006847
1173,0.47687567678097387
1174,0.37751741278247397
1175,0.9131810248995527
1176,0.6686510156171206
1177,0.5348464044043713
1178,0.30683340851930724
1179,0.27185541734538143
1180,0.3087671142967521
1181,1.374789486828145
1182,0.3578721019105163
1183,0.2896458129537008
1184,0.600905451085939
1185,0.4939721365642391
1186,1.75905096586242
1187,0.4188212249686808
1188,0.6342425292616399
1189,0.2641928875430594
1190,1.1666918043661425
1191,0.36703815697504233
1192,2.119066399030607
1193,0.27684051899063467
1194,1.0538615918488872
1195,0.28003894419404063
1196,0.3683194310506035
1197,1.4765189600807473
1198,0.782259831639807
1199,0.5760386482980946
1200,2.574990817353335
1201,0.79720923342791
1202,0.946167859541594
1203,0.8720685465566216
1204,0.32365763687050175
1205,0.40334026294733905
1206,1.3169284134645038
1207,1.106043203879385
1208,0.5321337105142312
1209,1.0076249458005346
1210,0.2837892450068479
1211,0.3041259524603056
1212,1.0576875562166528
1213,2.3231188216791954
1214,0.2829475350428418
1215,0.6721715411892828
1216,0.28459982930135913
1217,0.3883293461435869
1218,0.26981274347931167
1219,0.39000917881034713
1220,1.7196757250266486
1221,0.416931049471315
1222,0.3323647422183973
1223,0.27972732685057944
1224,0.6211285592330688
1225,0.4543540672483507
1226,0.5323971972910635
1227,1.0011313469790846
1228,0.2578753835833866
1229,0.25630821208239524
1230,0.5395340427135966
1231,0.26032274581933484
1232,0.26503758973638675
1233,0.34708779366804376
1234,0.33330188764045
1235,0.3079090760298793
1236,0.9540318386187516
1237,2.247647686377658
1238,0.7280261590074204
1239,0.27007863113127717
1240,0.3285045070226486
1241,1.5155073571958195
1242,0.5084034166667537
1243,0.31031615017570735
1244,0.4595213609478918
1245,2.602419614457917
1246,0.27940369163210443
1247,0.46836254674178224
1248,0.3591771708179866
1249,0.2555956775000847
1250,0.9765757472445302
1251,0.291319450859547
1252,0.2760855808261511
1253,0.38183426506561985
1254,0.25678787164764494
1255,0.5633898668245612
1256,0.3040971331689356
1257,0.2888520239613687
1258,0.3686023808419483
1259,0.6888369279703213
1260,1.8317958646759727
1261,0.5989241377602188
1262,0.7375016722835215
1263,0.29359784559214697
1264,0.26666681601501563
1265,0.37059661533234256
1266,0.27128640430698164
1267,0.3142597619453825
1268,0.35995478825049343
1269,2.345372305700825
1270,0.2607091576644874
1271,0.3874701778723664
1272,0.49826661035408193
1273,1.3765442079807362
1274,1.1387857372447028
1275,1.3163434683004107
1276,2.06769972672137
1277,0.2555699831065459
1278,0.29189395907445426
1279,0.3281662279961097
1280,0.3349624818334328
1281,0.30431462622680083
1282,2.180774166099637
1283,1.2414767528692818
1284,0.5871615624285496
1285,1.0938051249289016
1286,0.5981011293588001
1287,0.41177816212855534
1288,0.2905575565553674
1289,2.567692430149947
1290,0.2548483680857976
1291,0.6361086111776854
1292,0.8552288743119658
1293,0.9509472949238147
1294,0.4397869048620645
1295,2.0868883299428505
1296,0.2597889276787982
1297,0.3049169845846098
1298,0.2547416409905152
1299,2.8967927768437014
1300,0.840216271910253
1301,0.25784679389884174
1302,0.25777433239637126
1303,0.3161254112948121
1304,0.40565949135288837
1305,0.3965678640449818
1306,0.2546896064790277
1307,1.3050164125876678
1308,0.9654315107513425
1309,1.1176692534665063
1310,0.3302403670523372
1311,1.1269896874407699
1312,0.39398234516565955
1313,0.7872396879743528
1314,0.32783805085444695
1315,0.5835655341114904
1316,0.5571997754887823
1317,0.443942146256945
1318,1.3273450166682499
1319,2.1519517179456713
1320,0.46375818528563917
1321,0.797198660413458
1322,0.3362252085904084
1323,0.42323719272349136
1324,0.25681888738536535
1325,0.3603919519148004
1326,0.3903501883919246
1327,1.1479181374999403
1328,0.2796816594288604
1329,0.360254813539084
1330,0.541236777694235
1331,0.4609152818387273
1332,0.2771800204096004
1333,0.41181781191644884
1334,0.5522731309730884
1335,1.5152804210510404
1336,0.9257150285153528
1337,0.3676150332011473
1338,0.8665595184089951
1339,1.3394758791182837
1340,1.3704876115550073
1341,0.3357474355017246
1342,0.48721998470353756
1343,0.35762730453492386
1344,0.5748339762974672
1345,0.7583644480541666
1346,0.35068869652860735
1347,0.6028698120024942
1348,0.3332552469898106
1349,0.5650349767150076
1350,0.3284634541615693
1351,1.8847235319958702
1352,0.32331737323055426
1353,0.8576747586166036
1354,0.996042484823497
1355,0.6483911417145465
1356,0.2579010785984114
1357,0.31702395018291346
1358,1.9459755648855095
1359,0.43703063836402767
1360,0.40922897105959366
1361,1.5730615245196613
1362,0.42887468517884486
1363,0.7784823484630994
1364,1.0482833682170094
1365,0.37545465333397454
1366,1.8612404725572032
1367,0.8428168037113735
1368,0.8895724392382603
1369,1.4116930075510479
1370,0.3551914109104494
1371,0.9544902313494052
1372,0.2974771182324011
1373,1.237231388445676
1374,0.2881084243404352
1375,0.38512722375237374
1376,0.27308803349666844
1377,0.36377654269012355
1378,0.7664866362550786
1379,0.5714367699248929
1380,0.7288051736805417
1381,0.6272306767397605
1382,0.2587194049449425
1383,1.2937105901502113
1384,0.33938426275635053
1385,0.3143813816624097
1386,0.8911241912452397
1387,0.45268651939125826
1388,0.9414085565966397
1389,0.3763682314438577
1390,0.27438036791100434
1391,0.34402567619622154
1392,2.2630132158806804
1393,0.26251560457468415
1394,0.25564815742373487
1395,0.382796907108814
1396,2.525992420106901
1397,0.40211999083469097
1398,1.5433081585070985
1399,2.1081412433967133
1400,0.4224569027439333
1401,0.8380502317333871
1402,0.35589816675620517
1403,0.26066450969109106
1404,0.39755928059284384
1405,0.5240731695161079
1406,0.44328880644533536
1407,1.6430285139763678
1408,0.4587969835935647
1409,0.44889164720826025
1410,0.2837555098950294
1411,0.3027558365378057
1412,0.3102135507281725
1413,0.4953258373982865
1414,0.436735664591487
1415,0.5640409247449718
1416,1.3419440794322106
1417,0.29645638160110427
1418,0.6823107282327938
1419,1.3082300798902342
1420,0.2543579526162874
1421,0.6616709432408775
1422,1.073394018159759
1423,0.3495873096082649
1424,1.4864187554603396
1425,1.4074532167711744
1426,0.29687349642397787
1427,0.25464259630413216
1428,0.3612592290494634
1429,0.405373150040374
1430,0.7289206258383336
1431,2.8664126180300076
1432,0.9562349631391432
1433,0.3703195801046743
1434,0.6082691169695383
1435,0.6127508064151794
1436,0.39671988763302746
1437,0.34316560167948684
1438,0.3154535075351816
1439,1.1740257186772902
1440,0.3061147929343592
1441,0.3387768683498713
1442,0.5395820377549033
1443,0.265377678229173
1444,0.8176313586999109
1445,2.3661586120068003
1446,0.6468508607295793
1447,0.6826808753150353
1448,0.442832335411235
1449,0.537123419614682
1450,0.2846071748800633
1451,1.0394335609878067
1452,0.42704227242196796
1453,0.6597453575709501
1454,0.9551752296264153
1455,0.9675198835240542
1456,0.9310996658193683
1457,0.3124288191989797
1458,0.36710350543987913
1459,0.8373298142940688
1460,0.26357276546020275
1461,0.4820079532947892
1462,0.4037445389064293
1463,0.518332280757004
1464,0.2560957731215308
1465,0.8023076396222109
1466,0.2948141942253886
1467,0.3233158741497156
1468,0.46652413283748906
1469,0.26467396745115407
1470,1.2249245824646562
1471,0.4958139862257455
1472,0.3915374598138978
1473,0.25445543632408646
1474,0.5563196143775269
1475,1.5010076120356026
1476,0.6112328815584993
1477,0.4029079981932599
1478,0.25572141709869384
1479,0.9499732786755968
1480,0.29636868774933167
1481,2.6182260548150995
1482,2.334590103776301
1483,0.99027559499685
1484,0.7792714001607377
1485,0.5584075236077155
1486,0.2744246708014462
1487,0.7944018368115866
1488,0.4849727447507367
1489,0.3584150383355291
1490,0.3235067117890869
1491,0.7392047174804723
1492,0.260320840590825
1493,0.2543533550740628
1494,0.2764555386677801
1495,0.6241562078188585
1496,0.44407750571467436
1497,0.27360944179293833
1498,0.2972479408675328
1499,0.29566501573608345
1500,0.4529313109722783
1501,0.26323938919726575
1502,0.5356735864095954
1503,1.0023886164385516
1504,0.42214860384831526
1505,0.2787781204381638
1506,0.4260746975061038
1507,0.43225684623169053
1508,0.811983065060198
1509,0.45976401778217413
1510,0.5188871847781544
1511,1.1759668418991085
1512,0.25575085289449223
1513,0.4506722269848149
1514,0.26882262496612974
1515,0.38573264860905504
1516,0.281350372701237
1517,0.4283641107949421
1518,0.5134182746076462
1519,0.4036376694928079
1520,0.5668566826661725
1521,1.8718048858462026
1522,0.2544386678716363
1523,0.7521585150931595
1524,0.2886508962101426
1525,0.7931733628005382
1526,0.3114131203738164
1527,0.25484229662019775
1528,0.25453089533457474
1529,0.2688423203335988
1530,2.6445676420352187
1531,0.46116796346673294
1532,0.6104628694902473
1533,1.0446154487043975
1534,0.5328466404052101
1535,2.918303849250795
1536,0.46617436177346505
1537,0.30750067175648094
1538,0.25564730357360305
1539,0.4895660249479352
1540,0.44855121933719455
1541,0.28769066485336003
1542,1.3527484142379116
1543,0.4398921475206319
1544,0.40133366660419656
1545,0.9190628501127744
1546,0.3214028845211569
1547,6.066312577288303
1548,0.4748985349504149
1549,1.75432407055595
1550,0.526652019414865
1551,1.4259927270877368
1552,0.4487802095233724
1553,0.6859257109405307
1554,0.38465289563966854
1555,0.3392112750526626
1556,1.1762669750729349
1557,0.25490200067519636
1558,0.26443847519868946
1559,0.5217137661142994
1560,0.391650257160009
1561,0.40649775414679323
1562,0.28740182037454093
1563,0.289217321644042
1564,0.34378966007356315
1565,0.25938738205858874
1566,3.0346303028128063
1567,0.4695545216063426
1568,2.701929515793186
1569,1.0259416279837323
1570,0.7639240411323465
1571,0.3722958046471682
1572,2.5205982068322057
1573,0.43502648194628246
1574,0.391867598271634
1575,0.4378638562927152
1576,0.27506148476067643
1577,0.44288057490329347
1578,1.5170278654130627
1579,0.8980772637990933
1580,0.31067509759887657
1581,1.7921572756572317
1582,0.4815994218531743
1583,1.6700714085328983
1584,1.6226545511534862
1585,0.31528593093056656
1586,0.25619057851567617
1587,0.501823380555948
1588,0.9598603114833648
1589,1.6149401844864768
1590,0.34543723632544543
1591,2.6637304759863345
1592,0.2651323419287653
1593,0.33136085028022655
1594,0.7811754554383297
1595,0.3097066649094043
1596,0.5808776815454616
1597,4.24365083563324
1598,0.25513162560706715
1599,0.7796696887071454
1600,0.7062878514075833
1601,0.48603300330618693
1602,1.7328348745401898
1603,0.3562637081554194
1604,2.010493525233875
1605,3.9804792794222275
1606,0.8139277727306946
1607,0.27988618207081445
1608,0.2657911303728996
1609,0.6126647141400712
1610,0.6786253451155468
1611,0.4555028389325942
1612,2.6211981074254433
1613,0.2549871004277578
1614,2.5311873922872064
1615,0.38599451580841665
1616,0.33492605302078843
1617,0.3018803534668207
1618,0.9170995595758824
1619,0.2762195189189652
1620,0.25447815740684365
1621,0.25806823986329874
1622,0.5886287614511048
1623,1.7507981993092183
1624,0.8557982521970826
1625,0.28204236406789385
1626,0.5045094025396595
1627,0.25546933209212913
1628,2.1513817587162927
1629,0.2789762761139535
1630,0.7159768200585281
1631,1.62499901277108
1632,0.36102944163089734
1633,0.35925141710605973
1634,0.2745559564828652
1635,0.25430066246517863
1636,0.3674321059605597
1637,0.26189615071867184
1638,0.3867180768329932
1639,0.25431065966986166
1640,1.0692531171409618
1641,0.254313528295505
1642,0.30828014653156
1643,0.257030149947312
1644,0.2944148691333791
1645,0.35274498379862274
1646,0.9073568459639983
1647,1.5440136015755974
1648,0.25778361804897726
1649,0.5406114115898554
1650,0.3070370081831884
1651,0.38012420649411716
1652,0.5748211369236877
1653,0.30907195871181264
1654,0.3386254764928059
1655,0.4968408454890597
1656,0.27940663400875604
1657,0.25433685517083043
1658,0.2570256034119364
1659,0.4860610199517139
1660,0.2777513187632435
1661,0.938984210172569
1662,0.8441290987506141
1663,0.25751014012887197
1664,2.710824408167179
1665,0.4326133453671295
1666,0.7625323107196564
1667,0.6611090258452555
1668,2.4820399923561327
1669,0.2566724301332356
1670,0.3698085768877935
1671,0.4152949569309907
1672,0.43639191353953966
1673,1.358153917963277
1674,0.26972353846363295
1675,0.47446217784026345
1676,0.2635922805908011
1677,0.4212364426303243
1678,0.3982279219264999
1679,1.3078967458529842
1680,0.41878016625365616
1681,0.6858358927864228
1682,0.7659983509040696
1683,0.31169434127400014
1684,0.900450963645104
1685,0.30437746840861063
1686,2.469777001262152
1687,0.34366508153511366
1688,0.49306425001230897
1689,0.48515552998700295
1690,0.25581798977631387
1691,0.5424067900077016
1692,0.7626192107570302
1693,1.9789710528937423
1694,0.7799110354501537
1695,0.2697632162366071
1696,0.2616405632154969
1697,0.7618138722686709
1698,0.45608700722363615
1699,1.0796597973102666
1700,0.2849352301615852
1701,0.2547633297736249
1702,1.5838660877742514
1703,0.9538406495085464
1704,2.646168318494054
1705,0.49902917582918804
1706,0.27072211834614646
1707,0.4125337989334796
1708,1.1278477788050496
1709,0.6630047651777384
1710,0.28401970207053795
1711,0.3961279326264227
1712,0.3223343148506125
1713,0.2695587296060695
1714,0.48889330118182295
1715,0.26253100709314214
1716,1.1134919384641977
1717,0.3060996463245019
1718,0.35783719518361556
1719,2.735638947666272
1720,0.30859471559011087
1721,0.346990179700848
1722,0.3081023728824102
1723,0.6221924072164691
1724,0.25452398361558515
1725,0.4815201109625813
1726,0.6115097880205125
1727,0.8034436670478728
1728,0.6028785032880248
1729,0.9879665041313069
1730,0.26610943019689076
1731,0.39472284084360254
1732,0.2767570074095467
1733,0.5453576798797509
1734,0.4836340798061296
1735,0.47579575195484214
1736,0.31010511369246024
1737,0.5572170521616862
1738,0.3319383202514964
1739,0.43663704934805403
1740,0.48082962671522506
1741,1.0137060057715952
1742,0.8221075567462204
1743,0.5164551357888512
1744,0.2542907894286996
1745,2.7983370832313668
1746,1.4668664338640642
1747,0.767160022796225
1748,1.1387659209403667
1749,1.9494823416779363
1750,0.2588707122431463
1751,1.5405725496578246
1752,2.912734306912439
1753,1.3865207106869786
1754,0.2750509796075599
1755,0.27819420244448434
1756,1.814186720984071
1757,1.4433516332659804
1758,0.7224485454247824
1759,0.2727401481511328
1760,0.4212994109455466
1761,0.4598452200909329
1762,0.7409152050249496
1763,0.2606041540480463
1764,0.35994550758263355
1765,0.5994350393184209
1766,1.8229982255152473
1767,0.5892540333796434
1768,1.4560903777264886
1769,0.304575406211209
1770,0.3567533035168289
1771,0.4185216295044631
1772,0.33545208455616654
1773,1.3661682722038793
1774,1.4900592548212068
1775,0.4207709448955605
1776,1.4350221839014565
1777,0.5811581911524035
1778,0.33483720531774763
1779,0.5266920616924661
1780,0.7512801488941317
1781,0.358267142480022
1782,1.4651702931327626
1783,2.098272043053841
1784,0.46402505480768397
1785,0.2783302501111338
1786,0.676308421240283
1787,0.43193989448424475
1788,0.2575407876968831
1789,0.9274288559272148
1790,0.26690963744172114
1791,0.9398466363904173
1792,0.36817588645051724
1793,1.8565089939299622
1794,0.2851912041855587
1795,1.078926461609176
1796,0.28909580065856433
1797,0.6313017353585109
1798,0.5005084506969629
1799,0.8170165143900838
1800,0.3463518544272771
1801,0.7938150894521384
1802,0.8829489165929907
1803,0.3934999182043017
1804,0.2543611854576464
1805,0.4199730526996006
1806,0.42829434696964414
1807,0.8018425925281758
1808,1.972462499502831
1809,0.2706906958133664
1810,0.2607931934043134
1811,0.2863685696852488
1812,0.3367724575891054
1813,0.6795336122093873
1814,0.2857261806806186
1815,0.659017587503478
1816,2.1560368053696393
1817,0.523403470480967
1818,0.2558758788347823
1819,0.7484439034075994
1820,0.30745997504850753
1821,0.35270342185250614
1822,3.8994300602685104
1823,0.2995445218439228
1824,1.064285089956969
1825,1.5149109043340812
1826,0.43032669849029104
1827,1.0558051929844494
1828,0.264961756067197
1829,0.27417395596273053
1830,0.5015127635323561
1831,0.2657325903525951
1832,0.30264959059408325
1833,0.30017281409694596
1834,2.663744542992834
1835,0.31156727199251316
1836,0.2796822838606359
1837,0.2563286503471724
1838,0.38224182133369383
1839,1.271545056687227
1840,0.407844400749342
1841,0.45180536340483507
1842,0.28215404481162937
1843,0.46951378939449323
1844,0.8156005555116002
1845,0.2551781814666948
1846,0.5975784578415191
1847,0.298304253772239
1848,0.4931099319244713
1849,0.2733033589248923
1850,0.3940825536151546
1851,1.734397525870241
1852,0.37024464596649487
1853,1.512042899875061
1854,0.3830132352081169
1855,0.6054748284623872
1856,0.4818030642377842
1857,0.5568816090887589
1858,0.6313024304463595
1859,0.5411471599653106
1860,0.7644033454025492
1861,0.39159297508346247
1862,0.518468022428911
1863,0.4462450696701248
1864,0.9010981752286258
1865,0.5333185906419711
1866,0.2708740143417422
1867,0.8696054261713976
1868,2.45759475693867
1869,0.3938419557977762
1870,0.3807157069568948
1871,1.2291971331978626
1872,0.42933695140609734
1873,0.742801548806486
1874,0.3254950368673233
1875,0.3338592600056275
1876,0.9145091623683654
1877,0.5229068083467906
1878,0.5337621982321832
1879,0.2653799388008647
1880,0.6435677554888166
1881,0.30214361101863046
1882,0.9604374543779286
1883,0.6918824742561441
1884,0.3429646424867181
1885,0.2743433615913544
1886,0.3598438860918104
1887,0.2635112176370764
1888,0.25430964011319407
1889,0.43498910201477525
1890,1.7025764342670575
1891,0.7445836318646889
1892,0.26846522683498947
1893,0.707618187769199
1894,0.6555837965297151
1895,0.2692698774100101
1896,0.4390924645877852
1897,0.9443263759941797
1898,0.38514475052566544
1899,0.2813814487185258
1900,1.1066410391017152
1901,0.6537912261005479
1902,0.2745904086709759
1903,0.42102856171761527
1904,0.46803358673988926
1905,0.5449676153009757
1906,0.2543529738703196
1907,0.7238332254605133
1908,0.489688173051315
1909,0.32086848659663425
1910,2.5221843921808595
1911,0.5143647938824234
1912,0.2748225133793173
1913,0.2587875467442399
1914,0.39406298664245837
1915,0.36924504782149037
1916,0.4080401075243869
1917,0.3278225691074378
1918,0.3537363693110198
1919,0.39583767171196393
1920,0.26753958037181236
1921,0.2695176867325541
1922,0.31573322671577037
1923,0.25432953833845107
1924,0.9205778936988681
1925,1.2436422283886188
1926,0.5702475912680074
1927,1.1108456778762927
1928,0.258906856650195
1929,0.5228393488964775
1930,0.5440746266017009
1931,0.7478429739646423
1932,0.41603028865886993
1933,1.2218610331675195
1934,0.2690607850243649
1935,0.34924519796351067
1936,0.3253769580196956
1937,0.3988418035200925
1938,1.1928593120623663
1939,0.2594815512480867
1940,0.28777402516867995
1941,1.792760159329383
1942,0.8657697620548449
1943,0.2544608038239568
1944,1.479935839075293
1945,0.5572974448092005
1946,0.9432631374752181
1947,0.255217678531862
1948,0.4601256531594601
1949,0.7071057340594034
1950,0.6851095763913568
1951,0.30539947946090557
1952,2.0801920303213035
1953,0.3171864075032774
1954,0.29154720501207226
1955,1.0365194084539016
1956,0.5145607606812977
1957,0.31849171088323025
1958,0.7383384090134928
1959,0.4326185567739242
1960,1.00321469311073
1961,0.5234761571788167
1962,1.0355959211120571
1963,0.42135078219784705
1964,0.5190143618367222
1965,0.7029841822642433
1966,0.3454134970947068
1967,0.3254369499913317
1968,0.8008626727857262
1969,0.8529669959935127
1970,1.556243241011747
1971,0.405312463397675
1972,2.5633968690509747
1973,1.09320170514617
1974,0.3142646202531267
1975,0.48728159245844377
1976,0.5005439817372912
1977,0.3858728304727529
1978,0.7577724193529645
1979,0.2627269088034061
1980,1.2130860999365705
1981,0.8760047158235276
1982,0.2573490350805486
1983,0.4517614753732773
1984,0.6516090138797523
1985,1.5616735958105832
1986,0.29135392484564254
1987,1.0785744443515966
1988,0.8812676301395058
1989,0.28130622727494925
1990,1.2772604731106934
1991,0.797933749805112
1992,0.29002935223725
1993,0.2652567448045777
1994,1.157171825420075
1995,0.32854206110215034
1996,0.5434979938041767
1997,0.4873417109414574
1998,1.708066765063542
1999,1.743280236514566
2000,0.3832219271402424
